img_1.jpg,APRL\_003,Mens Sherwani Suit,sherwani\_image,Adults,Silk Blend,Mid-Range,Suit,"Woven Pattern, Smooth",Male,"White, Yellow",Full sleeves,"wedding, party, formal, seasonal","rectangle, inverted triangle, apple","oval, round, square","fair, light, olive, dark","warm, neutral"
img_2.jpg,APRL_003,Layered Maxi Dress,main_image,,Adults,various,Chiffon,"Mid-Range to High-Range",Dress,"Flowy, Layered, Embellished",Female,Dark Green,"Flared long sleeves","formal, party, wedding, special occasion","hourglass, pear, rectangle, apple","oval, round, heart, rectangular","fair, light, tan, olive, dark, ebony","warm, neutral"
img_3.jpg,APRL_001,Sharara Suit,photograph,N/A,Adults,Not specified,Georgette,Mid-Range,Suit Set,"Smooth fabric, Bandhani print, Embellishments",Female,"Green, Teal",Full sleeves,"wedding, party, festive, formal","hourglass, pear, rectangle, inverted triangle","oval, round, square, heart","ebony, dark, tan, olive, fair, light","warm, neutral, cool"
img_4.jpg,APRL_003,Women's Sharara Suit,original, crops,Adults,M,Georgette,Mid-Range,"Top wear, Bottom wear, Dupatta","Smooth fabric, Embroidery",Female,Pink,3/4 sleeves,"party, wedding, festival, formal","hourglass, pear, rectangle, inverted triangle","oval, round, square, diamond, rectangular","light, fair, tan, olive","cool, neutral"
img_5.jpg,APRL_003,Sharara Suit,studio,N/A,Adults,M,Georgette,Mid-Range,Outfit,"Embroidered, Sequined, Flowy",Female,Peach,Full sleeves,"wedding, party, formal, festive","hourglass, pear, rectangle, inverted triangle","oval, round, square, heart","fair, light, olive","warm, neutral"
img_6.jpg,APRL_003,Women's Sharara Suit,traditional outfit,,Adults,M,Georgette,Mid-Range,"Top wear, Bottom wear, Dupatta","Embroidered, Flowy texture",Female,Light Blue,Full sleeves,"party, wedding, formal, seasonal","hourglass, pear, apple, inverted triangle, rectangle","oval, round, square, heart, diamond, rectangular","ebony, dark, tan, olive, fair, light","neutral, cool"
img_7.jpg,APRL_001,Women's Salwar Kameez,n/a,n/a,Adults,Unknown,Georgette Blend,Mid-Range,"Embroidered, Textured",Female,Light Purple,Full sleeves,"casual, party, wedding, formal","pear, rectangle, hourglass","oval, round, square, heart","fair, light, olive","cool, neutral"
img_8.jpg,APRL_001,Salwar Kameez Set,,,Adults,Unknown,Silk Blend,Mid-Range,"Top wear, Bottom wear, Dupatta","Smooth fabric, Bandhani print, Mirror work, Embellishment",Female,"Blue, Green, Teal",Full sleeves,"party, wedding, formal, festive","hourglass, rectangle, pear, apple","oval, round, square","dark, tan, olive, light","neutral, cool"
img_9.jpg,APRL_2122,Sharara Suit,traditional wear,N/A,Adults,N/A,N/A,Mid-Range,Indian Ethnic Suit,"Printed, Embellished, Flowy",Female,"Pink, Purple, Gold",Full sleeves,"festive, wedding, party, formal, ethnic events","hourglass, rectangle, inverted triangle","oval, round, square","dark, tan, olive, light","warm, neutral"
img_10.jpg,APRL_001,Anarkali Dress,traditional,,Adults,L,Georgette Blend,Mid-Range,Top wear,"Embroidered, Flowy",Female,Cream,Full sleeves,"party, wedding, formal, festive","pear, apple, rectangle, hourglass","oval, round, heart","ebony, dark, tan, olive, fair, light","warm, neutral"
img_11.jpg,APRL_003,Anarkali Suit Set,traditional,,Adults,N/A,Cotton Blend,Mid-Range,Outfit,"Pleated, Printed, Embroidered details, Sheer dupatta",Female,Mauve,Full sleeves,"casual, party, wedding, festive, formal","hourglass, pear, apple, inverted triangle, rectangle","oval, square, heart, rectangular","fair, light, tan, olive","neutral, cool"
img_12.jpg,APRL_003,Kurta Set,lifestyle,,Adults,M,"Cotton, Cotton Blend",Mid-Range,Set,"Printed fabric, Bandhani style print, Embroidery, Smooth fabric",Female,"Red, White","3/4 sleeves, Bell sleeves","casual, festive, traditional events, parties","rectangle, pear, hourglass","oval, round, square","tan, olive, fair, light","warm, neutral"
img_13.jpg,APRL\_001,Embellished Open Abaya,"full shot, close up",,Adults,Multiple Sizes,Chiffon Blend,Mid-Range,"Outerwear, Full Length Dress","Flowy fabric, Embellishments",Female,"Blue, Black","Full sleeves, Batwing sleeves","casual, party, formal, evening","hourglass, pear, apple, inverted triangle, rectangle",,"ebony, dark, tan, olive, fair, light","neutral, cool"
img_14.jpg,APRL_001,Anarkali Gown,traditional,,Adults,,Georgette/Net Blend,High-Range,Full-length dress,"Embroidered, Flowy fabric",Female,Cream,"Full sleeves, Transparent","wedding, party, formal, festive","hourglass, pear, rectangle, apple","oval, round, square, heart","ebony, dark, tan, olive, fair, light","warm, neutral"
img_15.jpg,APRL_003,Anarkali Gown,traditional,Image URLs,Adults,"S,M,L,XL",Georgette,Mid-High Range,Dress,"Heavily embroidered, Sequined, Flowy",Female,Grey,Full sleeves,"wedding, party, festive, formal","hourglass, pear, apple, rectangle, inverted triangle","oval, round, heart, square","ebony, dark, tan, olive, fair, light","warm, neutral, cool"
img_16.jpg,APRL_003,Floral Print Anarkali Suit,Full shot,N/A,Adults,Multiple,Georgette,Mid-Range,Full wear,"Smooth fabric, Floral print",Female,"Navy, Pink, Red, Green",Full sleeves,"casual, party, festive, wedding, special occasion","hourglass, pear, apple, rectangle","oval, round, square","fair, light, olive, tan, dark","warm, neutral, cool"
img_17.jpg,APRL_010,Floral Dress,floral dress,,Adults,M,Georgette blend,Mid-Range,Dress,"Floral print, Flowing",Female,Purple,Long sleeves,"casual, party, semi-formal","hourglass, pear, rectangle","oval, round, square","tan, olive, fair, light","neutral, cool"
img_18.jpg,APRL_003,Floral Maxi Dress,floral print dress,,Adults,L,Polyester Blend,Mid-Range,Full dress,"Smooth fabric, Floral print",Female,"Pink, Red, Green",Full sleeves,"casual, party, seasonal","rectangle, pear, apple, hourglass",oval,"fair, light, tan, olive","warm, neutral, cool"
img_19.jpg,APRL_003,Long Sleeve Maxi Dress,"Full image, close up of top, close up of bottom",N/A,Adults,N/A,Polyester Blend,Mid-Range,Dress,"Smooth fabric, Flowy",Female,Green,Full sleeves,"casual, beach, resort, daytime","hourglass, pear, rectangle, apple","oval, round, square, heart, diamond, rectangular","tan, olive, fair, light",warm,neutral
img_20.jpg,APRL_001,Embellished Maxi Dress,dress,,Adults,,Polyester Blend,Mid-Range,Dress,"Smooth fabric, Embellished",Female,Yellow,Balloon sleeves,"party, wedding, formal","rectangle, pear, apple, hourglass","oval, round, square, heart","fair, light, olive, dark, ebony","warm, neutral"
img_21.jpg,APRL_003,Ruffle Maxi Dress,Maxi Dress,,Adults,M,Polyester Blend,Mid-Range,Dress,"Ruffled, Flowy, Embellished",Female,Green,"Long sleeves, Flared","wedding guest, party, vacation, casual","hourglass, rectangle, pear","oval, round, square","dark, olive, fair, light","neutral, cool"
img_22.jpg,APRL_003,Embellished Overlay Abaya,image,provided_image,Adults,Free Size,Chiffon,Mid-Range,Outerwear,"Smooth, Embellishments",Female,Dusty Blue,Long Sleeves,"formal, party, wedding, cultural, religious","hourglass, pear, apple, inverted triangle, rectangle","oval, round, square, heart, diamond, rectangular","ebony, dark, tan, olive, fair, light","warm, neutral, cool"
img_23.jpg,APRL\_003,Abaya,fashion,,Adults,,Silk Blend,Mid-Range,Full Body,"Smooth, Draped/Gathers",Female,White,Full sleeves,"casual, party, special occasion","hourglass, pear, apple, inverted triangle, rectangle","oval, round, square, heart, diamond, rectangular","ebony, dark, tan, olive, fair, light",neutral
img_24.jpg,APRL\_003,Embellished Open Abaya,full-body,URL\_placeholder,Adults,Various,Polyester Blend,Mid-Range,Outerwear,"Smooth fabric, Embellishment",Female,Beige,Full sleeves,"casual, party, modest wear, religious events","hourglass, pear, apple, inverted triangle, rectangle","oval, round","olive, tan, light, fair","warm, neutral"
img_25.jpg,APRL_003,Sleeveless Maxi Dress,main image,N/A,Adults,Plus Size,Polyester Blend,Mid-Range,Dress,"Printed, Flowy",Female,"Pink, Black, White, Beige",Sleeveless,"casual, party, seasonal, vacation","apple, pear, rectangle, hourglass","oval, round, rectangular","ebony, dark, tan, olive, fair, light","neutral, cool, warm"
img_26.jpg,APRL_003,Embroidered Abaya Robe,product image,N/A,Adults,Free Size,Polyester Blend,Mid-Range,Outerwear,"Smooth fabric, Embroidery, Tassels",Female,Navy Blue,Full sleeves,"casual, special occasions, cultural events","hourglass, pear, apple, inverted triangle, rectangle","oval, round","fair, light, tan, olive, dark, ebony","neutral, cool"
img_27.jpg,APRL_003,Embroidered Kaftan Dress,traditional,,Adults,N/A,Georgette,Mid-Range,Full dress,"Flowy, Embroidered, Embellished",Female,"Brown, Gold",Cape sleeves,"party, wedding, formal, seasonal","hourglass, rectangle, pear, apple, inverted triangle","oval, round, square, heart","dark, tan, olive, light, fair","warm, neutral"
img_28.jpg,APRL_001,Embroidered Kaftan/Abaya,traditional,,Adults,Free Size,Chiffon,Mid-Range,Dress,"Smooth fabric, Embroidery",Female,Red,Full sleeves,"party, formal, occasional, cultural","hourglass, pear, apple, inverted triangle, rectangle","oval, round, square, heart","ebony, dark, tan, olive, fair, light","warm, neutral, cool"
img_29.jpg,APRL_001,Embroidered Kaftan Dress,"Full shot, model wearing, studio",,Adults,,Georgette/Chiffon blend, Embroidery,,,Dress,"Smooth fabric, Embroidery, Beaded trim",Female,"Black, Multi-color","Full sleeves, wide","party, wedding, formal, special occasion, traditional","rectangle, apple, hourglass, pear, inverted triangle","oval, round, square, heart, diamond, rectangular","tan, olive, fair, light, dark, ebony",neutral
img_30.jpg,APRL_003,Women's Kaftan Dress,product image,URL,Adults,Multiple Sizes,Georgette,Mid-Range,Full Dress,"Smooth fabric, Embellished",Female,Blue,Full sleeves,"party, wedding, formal, cultural events","rectangle, inverted triangle, apple, pear","oval, round, square","dark, olive, tan, fair, light","cool, neutral"
img_31.jpg,APRL_001,Kaftan Dress,"traditional, ethnic, embroidered",,Adults,"Free Size","Chiffon/Georgette, Embroidery","Mid-Range to High-Range",Full dress,"Smooth, Flowy, Embroidered",Female,"Royal Blue, Gold",Full sleeves,"party, wedding, formal, special occasion","hourglass, pear, apple, inverted triangle, rectangle","oval, round, square, heart, diamond","ebony, dark, tan, olive, fair, light","warm, neutral, cool"
img_32.jpg,APRL_001,Kaftan Dress,formal wear,,Adults,Free Size,"Chiffon, Flowy Fabric","Mid-Range, High-Range",Dress,"Smooth fabric, Embellished neckline",Female,Bright Red,Batwing Sleeves,"party, wedding, festive, formal","apple, rectangle, inverted triangle, pear, hourglass","oval, round, heart, diamond","tan, olive, dark, fair, light, ebony","warm, neutral"
img_33.jpg,APRL_003,Kaftan Dress,traditional,,Adults,Free Size,Georgette,High-Range,Dress,"Sheer, Flowy, Embroidery",Female,"White, Black","Kaftan sleeves, Full sleeves","party, wedding, formal, occasional","rectangle, apple, inverted triangle, hourglass","oval, round, square, heart","ebony, dark, tan, olive, fair, light","warm, neutral, cool"
img_34.jpg,APRL_003,Abaya,Provided Image,N/A,Adults,Not specified,Chiffon/Georgette,Mid-Range,Outerwear,"Smooth fabric, Embellished, Border detail",Female,"Dusty Blue, Black trim",Long sleeves,"Casual, party, religious event","apple, rectangle, inverted triangle, pear, hourglass","oval, round, rectangular","light, fair, olive, dark, ebony","cool, neutral"
img_35.jpg,APRL_003,Hooded Caftan Dress,Traditional Elegant,,Adults,,Flowy Fabric,,Dress,"Smooth fabric, Beaded embroidery",Female,Plum,Full sleeves,"casual, party, special occasion","hourglass, pear, apple, inverted triangle, rectangle","oval, round, square, heart, diamond, rectangular","dark, tan, olive, fair, light","warm, neutral, cool"
img_36.jpg,APRL_003,Embroidered Kaftan Dress,Ethnic,N/A,Adults,Unknown,Chiffon Blend,Mid-Range,Full Dress,"Smooth fabric, Embroidery, Flowy",Female,"Sky Blue, White, Gold","Full sleeves, Batwing sleeves","party, wedding, formal, festive","hourglass, rectangle, pear, apple, inverted triangle","oval, round, square","light, fair, olive, tan","warm, neutral, cool"
img_37.jpg,APRL_003,Kaftan,model,,Adults,Free size,Chiffon, Embellished,Mid-Range,Dress,"Flowy, sheer, embellished, embroidered",Female,"White, Turquoise, Gold",Long sleeves,"Formal, party, wedding, festive","hourglass, pear, apple, inverted triangle, rectangle","oval, round, square, heart, diamond, rectangular","fair, light, olive, tan","warm, neutral"
img_38.jpg,APRL_003,Embellished Gown,traditional,,Adults,"S, M, L, XL","Chiffon blend, Embellishments",Mid-High Range,Dress,"Smooth fabric, Embroidery, Beading",Female,Blue,Long sleeves,"formal, party, wedding","hourglass, pear, rectangle","oval, round, square, rectangular","ebony, dark, tan, olive, fair, light","warm, neutral, cool"
img_39.jpg,APRL_001,Yellow Embellished Gown,image_001,url_to_image_001,Adults,N/A,Georgette,Mid-Range,Dress,"Smooth fabric, Embroidery, Embellishments",Female,Yellow,Strapless,"party, wedding, festive, formal","hourglass, pear, rectangle","oval, round, square, rectangular","tan, olive, dark, ebony, light, fair","warm, neutral"
img_40.jpg,APRL_001,Embellished Evening Gown,image,,Adults,N/A,Chiffon/Georgette Blend, Embellished,Mid-Range,Dress,"Smooth fabric, Beadwork, Embroidery",Female,Green,Strapless,"party, wedding, formal","hourglass, rectangle, pear","oval, round, heart","fair, light, tan, olive","warm, neutral"
img_41.jpg,APRL_003,White Strapless Embellished Gown,Gown full length,,Adults,M,Chiffon,Mid-High Range,Dress,"Smooth fabric, Embellished",Female,White,Sleeveless,"party, wedding, formal, evening","hourglass, pear, rectangle","oval, round, square, heart","fair, light, tan, olive, dark","neutral, cool"
img_42.jpg,APRL_003,Black Embellished Gown,traditional,Adults,L,Georgette Blend,Mid-Range,Dress,"Smooth fabric, Heavy embroidery",Female,"Black, Gold, Silver",Sleeveless,"party, wedding, formal, festive","hourglass, pear, rectangle","oval, round, square, heart","tan, olive, fair, light","warm, neutral, cool"
img_43.jpg,APRL_003,Embroidered Gown,studio,,Adults,M,Georgette,Mid-Range,Outfit,"Smooth fabric, Embroidery, Embellishments",Female,"Pink, Red, Gold",Sleeveless,"party, wedding, formal","hourglass, pear, apple, inverted triangle, rectangle","oval, round, square, heart, diamond","fair, light, olive, tan","neutral, cool"
img_44.jpg,APRL_003,Jumpsuit,jumpsuit.jpg,,Adults,L,Polyester Blend,Mid-Range,Jumpsuit,Smooth,Female,Cyan,3/4 Kimono sleeves,"casual, party, vacation, summer","hourglass, rectangle, inverted triangle","oval, round, square","ebony, dark, tan, olive, fair, light","neutral, cool"
img_45.jpg,APRL_003,Abstract Print Co-ord Set,fashion,,Adults,M,Synthetic Blend,Mid-Range,"Smooth fabric, Printed pattern",Female,"White, Black","Short sleeves, Puff sleeves","casual, brunch, summer, daytime, party","hourglass, pear, apple, inverted triangle, rectangle","oval, square, heart, diamond, rectangular","ebony, dark, tan, olive, fair, light","warm, neutral, cool"
img_46.jpg,APRL_001,Kaftan,full shot,,Adults,,Synthetic Blend,Mid-Range,Full dress,"Smooth fabric, Embroidery, Mirror work",Female,Blue,Full sleeves,"casual, party, wedding, formal","hourglass, pear, rectangle, apple","oval, round, square, heart, diamond, rectangular","light, fair, tan, olive, dark","cool, neutral"
img_47.jpg,APRL_003,Embroidered Kaftan,image_003,url_003,Adults,Free Size,Georgette with Embroidery,Mid-Range,Dress,"Smooth fabric, Embroidery",Female,Black,Bell sleeves,"formal, party, wedding, traditional","rectangle, pear, apple","oval, round, square","ebony, dark, tan, olive","neutral, warm"
img_48.jpg,APRL_003,Abaya,Abaya\_Image\_Assets,,Adults,M,Polyester Blend,Mid-Range,"Top wear/Outerwear","Smooth fabric, Stud embellishments",Female,Beige,Full sleeves,"casual, party, wedding, formal, religious","hourglass, pear, apple, inverted triangle, rectangle","oval, round, square, heart, diamond, rectangular","dark, tan, olive, fair, light","warm, neutral, cool"
img_49.jpg,APRL_003,Embroidered Caftan Dress,traditional,N/A,Adults,M,Synthetic Blend,Mid-Range,Dress,"Smooth fabric, Embroidery, Belted",Female,"Light Blue, Gold",Full sleeves,"party, wedding, special occasion, formal","pear, rectangle, hourglass, apple, inverted triangle","oval, round, heart, rectangular","fair, light, olive, tan","cool, neutral"
img_50.jpg,APRL_003,Women's Kaftan,Image,URL,Adults,Free Size,Chiffon/Georgette,Mid-Range,Dress,"Smooth fabric, Embellishment, Animal Print",Female,"Yellow/Beige, Brown, Black","Full sleeves, Batwing style","casual, party, cultural events, evening","hourglass, rectangle, apple, pear, inverted triangle","oval, round, square","dark, tan, olive, fair, light","warm, neutral"
img_51.jpg,APRL_001,Floral Kaftan Dress,"full body, model",N/A,Adults,N/A,"Chiffon Blend, Sequins, Woven Trim",N/A,"Full garment, Dress","Sheer, Flowing, Floral Print, Sequin Accents, Woven Trim",Female,"Orange, Pink, Green, Gold, Floral Print","Batwing sleeves, Flowing sleeves, Elbow length","party, casual elegant, seasonal, evening","hourglass, pear, apple, rectangle","oval, round, square, heart","tan, olive, light, fair","warm, neutral"
img_52.jpg,APRL_005,Embroidered Kaftan Dress,full shot, studio,,Adults,M,Georgette,Mid-High Range,Dress,"Smooth fabric, Heavy embroidery, Beads",Female,"White, Gold, Silver","Long, Flared sleeves","party, wedding, formal, festive","hourglass, pear, rectangle","oval, round, heart","fair, light, olive, tan, dark, ebony","warm, neutral"
img_53.jpg,APRL_003,Embellished Kaftan Dress,Model wearing black embroidered kaftan,Adults,Free size,"Georgette, Embellished",Mid-Range, Premium,Dress,"Smooth, Embellished",Female,"Black, Gold Embellishments","Batwing sleeves, Full sleeves","Party, Evening, Festive, Wedding, Traditional","hourglass, pear, apple, inverted triangle, rectangle","oval, round, square, heart, diamond, rectangular","ebony, dark, tan, olive, fair, light","warm, neutral, cool"
img_54.jpg,APRL_001,Kaftan Dress,traditional,,Adults,L,Fabric Blend,Mid-Range,Full Outfit,"Smooth fabric, Embroidery",Female,"Red, Gold",Full sleeves,"party, wedding, formal, festive","rectangle, pear, apple","oval, round, square, heart","ebony, dark, tan, olive",warm
img_55.jpg,APRL_001,Embroidered Abaya Style Dress,studio shot,N/A,Adults,M,"Sheer overlay, likely chiffon/mesh, with embroidery",Mid-Range,Full dress,"Sheer, Embroidered floral pattern, Smooth base",Female,"Black, Red, White","Long sleeves, Sheer","formal, party, wedding, seasonal, religious","hourglass, rectangle, pear","oval, round, square, heart","ebony, dark, tan, olive, fair, light","warm, neutral, cool"
img_56.jpg,APRL_001,Embroidered Kaftan Gown,Photo,Adults,M,Georgette,High-End,Dress,"Smooth fabric, Embroidery, Beads, Pearls",Female,Teal,Full sleeves,"party, wedding, formal, cultural","hourglass, pear, rectangle, apple, inverted triangle","oval, round, heart, square","tan, olive, fair, light","warm, neutral, cool"
img_57.jpg,APRL_001,Women's Maxi Dress,traditional,N/A,Adults,Not specified,Blended Fabric,Not specified,Dress,"Patterned weave, Embroidery",Female,"White, Gold",Long sleeves,"formal, party, special occasion","rectangle, pear, hourglass","oval, round, square, heart","tan, olive, dark","warm, neutral"
img_58.jpg,APRL_003,Women's Caftan Dress,traditional,,Adults,Free Size,"Silk Blend, Embellished",High-Range,Dress,"Smooth, Heavy Embellishment",Female,Turquoise,Full sleeves,"party, wedding, formal, special occasion, seasonal","hourglass, pear, apple, inverted triangle, rectangle","oval, round, heart","tan, olive, dark, light","cool, neutral"
img_59.jpg,APRL_003,Kaftan Dress,full shot,N/A,Adults,N/A,Synthetic Blend,Mid-Range,Dress,"Smooth fabric, Embroidery",Female,"Blue, Gold",Full sleeves,"formal, party, wedding, traditional","rectangle, pear, apple, hourglass","oval, round, square, heart, rectangular","tan, olive, dark, light, fair","neutral, cool"
img_60.jpg,APRL_003,Blue Embellished Kaftan,traditional,,Adults,L,Polyester Blend,Mid-Range,Dress,"Smooth fabric, Embroidery, Embellished",Female,"Blue, Silver",Full sleeves,"party, wedding, formal, evening","hourglass, pear, rectangle","oval, round, square","dark, tan, olive, fair, light","neutral, cool"
img_61.jpg,APRL_003,Kaftan Dress,original,,Adults,L/XL,Georgette,High-Range,Dress,"Smooth fabric, Beadwork, Embroidery",Female,"Royal Blue, Silver",Long sleeves,"Party, Wedding, Formal, Festive","hourglass, pear, rectangle, inverted triangle","oval, round, square, heart, diamond, rectangular","ebony, dark, tan, olive, fair, light","neutral, cool, warm"
img_62.jpg,APRL_001,Wide Leg Pants,pants,Adults,S-XL,Polyester Blend,Mid-Range,Bottom wear,"Smooth, Flowy",Female,Light Pink,,Casual party semi-formal,pear apple inverted triangle rectangle,,ebony dark tan olive fair light,warm neutral cool
img_63.jpg,APRL_003,Hooded Abaya Dress,Full view,,Adults,Various Sizes,Denim Blend,Mid-Range,Dress,"Smooth fabric, Panel details",Female,"Dark Blue, Light Blue",Full sleeves,"casual, everyday, sporty casual","pear, apple, inverted triangle, rectangle","oval, round, heart","ebony, dark, tan, olive, fair, light","neutral, cool"
img_64.jpg,APRL_001,Ethnic Embellished Gown,full image,traditional,Adults,Not specified,"Chiffon with embellishments",Mid-Range,Full Dress,"Smooth fabric, Embellishments",Female,Black,Short sleeves,"formal, party, cultural events, wedding","hourglass, pear, rectangle, apple, inverted triangle","oval, round, square, heart, diamond, rectangular","ebony, dark, tan, olive, fair, light","warm, neutral, cool"
img_65.jpg,APRL_003,Embroidered Maxi Dress,full view, model wearing,N/A,Adults,,Georgette Blend,,Dress,"Smooth fabric, Embroidery",Female,"White, Black",3/4 sleeves,"casual, party, festive, semi-formal","hourglass, pear, apple, inverted triangle, rectangle","oval, round, heart","ebony, dark, tan, olive, fair, light","warm, neutral, cool"
img_66.jpg,APRL_003,Embellished Kaftan,Full view, Back view, Close-up,,Adults,Multiple Sizes,Chiffon/Georgette with Embroidery and Beads,"Mid-Range, High-Range",Dress/Gown,"Smooth fabric, Heavy embroidery, Beading",Female,"Pink, Fuchsia","Kaftan sleeves, Flowing sleeves","Formal, Party, Wedding, Special Occasion","rectangle, apple, hourglass, pear","oval, round, square","ebony, dark, tan, olive, fair, light","neutral, cool"
img_67.jpg,APRL_001,Sherwani Set with Dupatta,traditional,,Adults,L,"Silk Blend, Jacquard",High-Range,Ethnic Ensemble,"Jacquard weave, Embroidered",Male,"Pink, White, Beige, Gold",Full sleeves,"wedding, party, formal, festive","rectangle, inverted triangle","oval, round, square","fair, light, tan, olive","warm, neutral"
img_68.jpg,APRL_003,Embellished Robe,full shot on mannequin,,Adults,Free Size,Velvet,High-Range,Outerwear/Robe,"Velvety, Embellished",Female,Green,Long sleeves,"party, formal, wedding, special occasion","hourglass, pear, apple, rectangle","oval, round, heart","ebony, dark, tan, olive, light","warm, neutral, cool"
img_69.jpg,APRL_003,Embroidered Open Abaya,Abaya,,Adults,Various Sizes,Smooth Fabric,Mid-Range,Top wear,"Smooth fabric, Embroidery, Tassels",Female,"Green, Gold","Long sleeves, Wide sleeves","Formal, Special Occasion, Cultural, Party","hourglass, pear, apple, inverted triangle, rectangle","oval, round, square, rectangular","ebony, dark, tan, olive, fair, light","warm, neutral"
img_70.jpg,APRL_001,Abaya,traditional,,Adults,,Fabric Blend,Mid-Range,Dress,"Smooth fabric, Patterned trim",Female,"Dusty Rose, Black, White, Brown",Full sleeves,"casual, religious, formal, party","hourglass, pear, apple, inverted triangle, rectangle","oval, round, square, heart","fair, light, tan, olive","neutral, cool, warm"
img_71.jpg,APRL_003,Abaya,abaya,N/A,Adults,Various,Synthetic Blend,Mid-Range,Full Length Garment,"Smooth fabric, Embroidery",Female,Brown,"Full sleeves","casual, religious, formal","hourglass, pear, apple, inverted triangle, rectangle","oval, round, square, heart, diamond, rectangular","ebony, dark, tan, olive, fair, light","warm, neutral, cool"
img_72.jpg,APRL_003,Abaya,Image,,Adults,L,Synthetic Blend,Mid-Range,Top wear,Smooth fabric,Female,Mauve,Full sleeves,"casual, daily wear, semi-formal","hourglass, pear, rectangle, apple, inverted triangle","oval, round, rectangular","dark, tan, olive, fair, light","neutral, cool"
img_73.jpg,APRL_001,Modest Dress,full shot,,Adults,M,Cotton Blend,Mid-Range,Dress,Textured fabric,Female,Grey,Full sleeves,"casual, everyday, prayer, cultural events","rectangle, apple, inverted triangle","oval, round, square","ebony, dark, tan, olive, fair, light","warm, neutral, cool"
img_74.jpg,APRL_003,Abaya,full shot,,Adults,Free Size,Polyester,Mid-Range,Full Length Garment,"Smooth fabric, Zipper closure",Female,Dark Grey,Full sleeves,"casual, religious, formal","hourglass, pear, apple, inverted triangle, rectangle","oval, round, square, heart, diamond, rectangular","ebony, dark, tan, olive, fair, light","warm, neutral, cool"
img_75.jpg,APRL_001,Women's Abaya,traditional,,Adults,M,Georgette/Crepe,Mid-Range,Top wear,Smooth fabric,Female,Mauve,Full sleeves,"casual, formal, party, religious","rectangle, apple, pear, hourglass, inverted triangle","oval, round, square, heart, diamond, rectangular","light, fair, olive, tan","neutral, cool"
img_76.jpg,APRL_001,Abaya Set,Abaya and Hijab Set,,Adults,,Synthetic Blend,,Full set,"Smooth, Flowing",Female,Dusty Rose,"Full sleeves, Loose","Casual, Religious, Everyday, Modest Fashion","hourglass, pear, apple, inverted triangle, rectangle","oval, round, square, heart, diamond, rectangular","ebony, dark, tan, olive, fair, light","warm, neutral, cool"
img_77.jpg,APRL_003,Khimar Abaya with Niqab,studio shot,,Adults,Free Size,Polyester Blend,Mid-Range,Outerwear,"Smooth, Flowing fabric",Female,Teal Green,Full sleeves,"religious, casual, daily wear","hourglass, pear, apple, inverted triangle, rectangle","oval, round, square, heart, diamond, rectangular","dark, tan, olive, fair, light","warm, neutral, cool"
img_78.jpg,ARPL_003,Abaya with Niqab,Abaya Niqab,N/A,Adults,Free Size,Polyester,Mid-Range,Full Body Wear,"Smooth, Flowing",Female,Black,Full sleeves,"everyday wear, religious, formal","hourglass, pear, apple, inverted triangle, rectangle","oval, round, square, heart, diamond, rectangular","ebony, dark, tan, olive, fair, light","warm, neutral, cool"
img_79.jpg,APRL_003,Islamic Prayer Dress,studio,N/A,Adults,Free Size,Polyester Blend,Mid-Range,Outerwear,"Smooth, Flowing",Female,Light Pink,Long sleeves,"Religious, Daily wear, Occasional","hourglass, pear, apple, inverted triangle, rectangle","oval, round, square, heart, diamond, rectangular","ebony, dark, tan, olive, fair, light","warm, neutral, cool"
img_80.jpg,APRL_001,Modest Swimsuit (Burkini),"Full body swimsuit, floral print top, solid bottom with skirt overlay, head covering, zipper front",,Adults,Various,Polyester/Spandex Blend,Mid-Range,Full Body Swimwear,"Smooth, Stretchy, Printed",Female,"Navy Blue, Multi-color Floral",Full sleeves,"Swimming, Beach, Pool, Water sports",hourglass, pear, apple, inverted triangle, rectangle,oval, round, square, heart, diamond, rectangular,ebony, dark, tan, olive, fair, light,neutral, cool, warm
img_81.jpg,APRL_001,Modest Swimwear Set,original,image_url,Adults,Unknown,Polyester Blend,Unknown,"Top wear, Bottom wear","Smooth fabric, Embroidery",Female,Maroon,Full sleeves,"Swimming, Beach, Pool","pear, inverted triangle, apple, rectangle","oval, round, diamond","fair, light, olive, dark","warm, neutral"
img_82.jpg,APRL_001,"Striped Kaftan Dress","model wearing dress","url","Adults","multiple","Flowy Fabric","Mid-Range","Dress","Smooth, Striped","Female","Multi-colour","Short Kaftan Sleeve","casual, party, resort","rectangle, apple, hourglass","oval, round, square","ebony, dark, tan, olive, fair, light","warm, neutral, cool"
img_83.jpg,APRL_003,Kaftan Dress,bohemian,,Adults,Free Size,Polyester Blend,Mid-Range,Dress,"Smooth fabric, Printed",Female,"Black and White",Batwing sleeves,"casual, beachwear, resort, party","apple, rectangle, inverted triangle, pear","oval, round, square","ebony, dark, tan, olive, fair, light","warm, neutral, cool"
img_84.jpg,APRL_003,Multi-colour Kaftan Dress,contemporary,N/A,Adults,Multiple Sizes,Satin Blend,Mid-Range,Dress,"Smooth fabric, Printed",Female,Multi-colour,Kimono sleeves,"Casual, party, seasonal, vacation","hourglass, pear, apple, inverted triangle, rectangle","oval, round, square, heart, diamond, rectangular","ebony, dark, tan, olive, fair, light","warm, neutral, cool"
img_85.jpg,APRL_001,Printed Kaftan Dress,kaftan_dress_geometric_print,url_placeholder,Adults,M,Silk Blend,Luxury,Dress,"Smooth fabric, Geometric print",Female,Multi-colour,"Kaftan sleeves, Elbow length","casual, party, resort, evening","hourglass, pear, apple, inverted triangle, rectangle","oval, round, square, heart","ebony, dark, tan, olive, fair, light","warm, neutral, cool"
img_86.jpg,APRL\_003,Kaftan Dress,kaftan\_stripe\_multicolor,url\_kaftan\_stripe\_multicolor,Adults,Loose Fit,Silk Blend,High-Range,Dress,"Smooth fabric, Striped pattern",Female,"Blue, Black, Pink, Beige, Green",Wide sleeves,"casual, party, resort, formal","rectangle, apple, inverted triangle, pear, hourglass","oval, rectangular, diamond, heart","ebony, dark, tan, olive, fair, light","warm, neutral, cool"
img_87.jpg,APRL\_001,Kaftan Dress,studio shot,N/A,Adults,Free Size, S, M, L, XL,Silk Blend,Mid-Range to High-Range,Dress,"Smooth, Printed",Female,Cream, Black, Red, Mint Green,Kaftan sleeves, Below elbow,"casual, party, resort wear, special occasion","hourglass, pear, apple, inverted triangle, rectangle","oval, round, square, heart, diamond, rectangular","ebony, dark, tan, olive, fair, light",warm, neutral, cool
img_88.jpg,APRL_003,Mens Sherwani Set,"full length view of model wearing a pink patterned sherwani set",,Adults,L,Silk Blend,Mid-Range,"Top wear, bottom wear","Textured pattern, smooth fabric",Male,"Pink, Cream",Full sleeves,"wedding, party, formal, seasonal","rectangle, inverted triangle, pear, apple","oval, round, square, rectangular","fair, light, tan, olive, dark","warm, neutral, cool"
img_89.jpg,APRL_003,Kaftan Dress,"Full length view, front view",,Adults,Not specified,Silk Blend,Not specified,One-piece,"Smooth fabric, Abstract geometric print",Female,"Multi-colour (Blue, White, Black, Yellow, Light Blue, Mint Green)",Wide sleeves,"Casual, Vacation, Resort, Party","rectangle, pear, apple, hourglass","oval, round, square","ebony, dark, tan, olive, fair, light","neutral, cool, warm"
img_90.jpg,APRL\_003,Kaftan Dress,main,N/A,Adults,L,Silk Blend,High-Range,Dress,"Smooth fabric, Striped pattern",Female,"Black, White, Beige, Brown","Open Kaftan sleeves","casual, party, formal, seasonal","apple, pear, inverted triangle, rectangle, hourglass","oval, round, square","ebony, dark, tan, olive, fair, light","warm, neutral, cool"
img_91.jpg,APRL_003,Lehenga Choli with Jacket,traditional attire full shot,,Adults,L,Georgette Blend,Mid-Range to High-Range,Lehenga Set,"Pleated, Embellished, Flowy",Female,Taupe,Long sleeves,"Wedding, Party, Festive, Formal","hourglass, pear, rectangle","oval, round, heart","light, fair, olive, tan","neutral, warm"
img_92.jpg,APRL_003,Anarkali Suit,traditional,,Adults,L,Georgette,Mid-Range,Suit Set,"Tiered, Embroidered, Embellished",Female,Olive Green,Full sleeves,"party, wedding, festive, formal","hourglass, pear, apple, inverted triangle, rectangle","oval, round, square, rectangular","tan, olive, fair, light, dark, ebony","warm, neutral"
img_93.jpg,APRL_001,Sharara Suit,Sharara Suit,,Adults,,Georgette Blend,High-Range,"Top wear, bottom wear, dupatta","Embellished, Textured fabric",Female,Green,Full sleeves,"wedding, party, festival, formal","hourglass, pear, rectangle","oval, round, square","ebony, dark, tan, olive, fair, light","warm, neutral, cool"
img_94.jpg,APRL_001,Anarkali Sharara Suit,traditional,,Adults,L,Georgette,Mid-Range,"Top wear, Bottom wear","Flowy fabric, Embroidery",Female,"Pink, Green, Gold",Full sleeves,"party, wedding, festive, formal","hourglass, pear, apple, inverted triangle, rectangle","oval, round, square, heart, diamond, rectangular","ebony, dark, tan, olive, fair, light","warm, neutral"
img_95.jpg,APRL_015,Embellished Anarkali Gown with Dupatta,ethnic wear,,Adults,L,Embellished Georgette,Mid-Range,Outfit,"Sequins, Embroidery, Flowy",Female,Pink,Full sleeves,"party, wedding, festive, formal","hourglass, pear, apple, inverted triangle, rectangle","oval, round, square, heart",light, fair, tan, olive,"neutral, cool"
img_96.jpg,APRL_003,Mens Kurta Pajama Set,traditional,ethnic,embroidered kurta,,Adults,L,Cotton Blend,Mid-Range,"Top wear, Bottom wear","Jacquard fabric, Small motifs, Smooth",Male,"Dark Green, White",Full sleeves,"casual, party, wedding, festive","rectangle, inverted triangle, apple, pear, hourglass","oval, round, square, heart, diamond, rectangular","ebony, dark, tan, olive, fair, light","warm, neutral, cool"
img_97.jpg,APRL_001,Men's Kurta Pyjama Set,traditional,,Adults,Not Specified,Cotton Blend,Not Specified,"Top wear, Bottom wear","Textured fabric, Embroidery",Male,White,Full sleeves,"casual, party, wedding, traditional, formal, seasonal","rectangle, inverted triangle, apple","oval, round, square","ebony, dark, tan, olive, fair, light","warm, neutral, cool"
img_98.jpg,APRL_001,Men's Kurta Pajama Set,traditional,,Adults,L,Silk Blend,Mid-Range,"Top wear, Bottom wear","Smooth fabric, Embroidery, Mirror work",Male,Teal,Full sleeves,"festive, party, wedding, semi-formal","rectangle, inverted triangle, apple","oval, round, square","dark, olive, fair, light","neutral, cool"
img_99.jpg,APRL_003,Mens Kurta Pajama Set,traditional,,Adults,L,Cotton Blend,Mid-Range,Top wear, Bottom wear,"Textured fabric, Embroidery",Male,"Light Peach, White",Full sleeves,"casual, party, wedding, formal, seasonal, festive","rectangle, inverted triangle, apple","oval, round, square","light, fair, tan, olive","neutral, warm"
img_100.jpg,APRL_003,Mens Kurta Pajama Set,traditional,,Adults,L,Cotton Blend,Mid-Range,Top wear and bottom wear,"Textured fabric, Embroidery",Male,Purple,Full sleeves,"casual, party, wedding, formal, seasonal","rectangle, inverted triangle, apple, pear","oval, round, square","fair, light, dark, olive, tan","warm, neutral, cool"
img_101.jpg,APRL_003,Mens Kurta Pajama,traditional menswear,,Adults,Standard,Cotton Blend,Mid-Range,"Top wear, Bottom wear","Smooth fabric, Embroidery/Pattern",Male,"Black, White",Full sleeves,"casual, party, wedding, festive, formal","rectangle, inverted triangle, apple","oval, round, square","ebony, dark, tan, olive, fair, light","warm, neutral, cool"
img_102.jpg,APRL_003,Men's Kurta Pajama Set,traditional,,Adults,L,Cotton Blend,Mid-Range,"Textured fabric, Embroidery",Male,"Maroon, White",Full sleeves,"casual, party, wedding, formal, seasonal, festive","rectangle, inverted triangle, apple, pear","oval, round, square","ebony, dark, tan, olive, fair, light","warm, neutral, cool"
img_103.jpg,APRL_003,Thobe,traditional,,Adults,L,Linen Blend,Mid-Range,Full garment,"Textured fabric, Embroidery",Male,Light Grey,Long sleeves,"casual, religious, formal, traditional","pear, apple, inverted triangle, rectangle","oval, round, square, rectangular","ebony, dark, tan, olive, fair, light","warm, neutral, cool"
img_104.jpg,APRL_003,Men's Thobe,present,,Adults,Multiple Sizes,Polyester Blend,Moderate,Full length garment,"Smooth fabric, Embroidered neckline",Male,White,"Short/3/4 sleeves, Wide sleeves","casual, formal, religious events, daily wear","rectangle, inverted triangle, apple","oval, round, square, rectangular","ebony, dark, tan, olive, fair, light","warm, neutral, cool"
APRL_004,Men's Thobe,present,,Adults,Multiple Sizes,Polyester Blend,Moderate,Full length garment,"Smooth fabric, Embroidered neckline",Male,Grey,"Short/3/4 sleeves, Wide sleeves","casual, formal, religious events, daily wear","rectangle, inverted triangle, apple","oval, round, square, rectangular","ebony, dark, tan, olive, fair, light","neutral, cool"
img_105.jpg,APRL_003,Mens Thobe/Kandora,traditional,N/A,L,Cotton Blend,Mid-Range,Top wear,"Smooth fabric, Embroidery",Male,Grey,3/4 sleeves,"casual, formal, seasonal","rectangle, inverted triangle, apple, pear","oval, round, square, rectangular","ebony, dark, tan, olive, fair, light","warm, neutral, cool"
img_106.jpg,APRL_003,Mens Thobe,thobe_image,N/A,Adults,N/A,Polyester Blend,Mid-Range,Full Length Robe,"Smooth fabric, Stitching detail",Male,Light Grey,Short sleeves,"daily wear, prayer, casual, formal","rectangle, apple, inverted triangle","oval, round, square, heart, diamond, rectangular","ebony, dark, tan, olive, fair, light","warm, neutral, cool"
img_107.jpg,APRL_003,Black Embroidered Abaya Dress,full shot, model,product image,Adults,L,Velvet, Embroidery,Mid-Range,Dress,"Smooth fabric, Embroidery",Female,"Black, Multi-colour embroidery",Long sleeves,"casual, party, formal, special occasion, wedding","apple, pear, rectangle, inverted triangle","oval, heart, diamond, square, rectangular","ebony, dark, tan, olive, fair, light","warm, neutral, cool"
img_108.jpg,APRL_001,Abaya,abaya,,Adults,Standard,Poly-crepe,Mid-Range,Outerwear,"Smooth fabric, Cutwork pattern",Female,"Black, White",Wide sleeves,"casual, daily wear, religious","hourglass, pear, apple, inverted triangle, rectangle","oval, round, square, heart, diamond, rectangular","ebony, dark, tan, olive, fair, light","warm, neutral, cool"
img_109.jpg,APRL_003,"Men's Indo-Western Suit","traditional, festive",,Adults,N/A,"Brocade Silk, Silk Blend",N/A,"Outfit (Top wear + Bottom wear)","Textured fabric, Geometric pattern, Smooth fabric",Male,"Pink, Gold, Off-White",Full sleeves,"wedding, party, festive, formal","rectangle, inverted triangle, apple, pear","oval, rectangular, diamond","fair, light, olive, tan","warm, neutral"
img_110.jpg,ABYA_001,Abaya Dress,Full shot,,Adults,,Synthetic Blend,Mid-Range,Full length garment,"Smooth fabric, Ruffles",Female,"Black, Grey, Pink",Bell sleeves with ruffles,"casual, religious occasions, modest wear, social gatherings","hourglass, pear, apple, inverted triangle, rectangle","oval, round, square, heart, diamond, rectangular","ebony, dark, tan, olive, fair, light","warm, neutral, cool"
img_111.jpg,APRL_001,Kaftan,full_length_kaftan,,Adults,Free Size,Polyester Blend,Mid-Range,Dress,"Smooth fabric, Embellished, Patterned",Female,White,"Full sleeves, Batwing","casual, party, evening, cultural","apple, pear, rectangle, inverted triangle, hourglass","oval, round, square, heart, diamond, rectangular","ebony, dark, tan, olive, fair, light","warm, neutral, cool"
img_112.jpg,APRL\_001,Women's Kaftan Dress,kaftan\_dress\_asset,http://example.com/kaftan\_dress.jpg,Adults,L,Polyester Blend,Mid-Range,Dress,"Smooth fabric, Embellishments",Female,"Black, Gold, Red",Full Batwing sleeves,"casual, party, wedding, formal, seasonal","pear, apple, inverted triangle, rectangle","oval, round, square, heart, diamond, rectangular","ebony, dark, tan, olive, fair, light","warm, neutral, cool"
img_113.jpg,APRL_003,Abaya,traditional,,Adults,Free Size,Synthetic Blend,Mid-Range,Outerwear,"Smooth fabric, Embellished, Beaded, Sequined, Fringe",Female,Black,Long sleeves,"casual, formal, party, religious, seasonal","hourglass, pear, apple, inverted triangle, rectangle","oval, round, square, heart, diamond, rectangular","ebony, dark, tan, olive, fair, light","warm, neutral, cool"
img_114.jpg,APRL_003,"Men's Kaftan",traditional,,Adults,,Linen Blend,Mid-Range,Apparel,"Smooth fabric",Male,White,"Short sleeves","casual, resort, cultural","rectangle, apple, pear, inverted triangle","oval, round, square, rectangular","ebony, dark, tan, olive, fair, light","warm, neutral, cool"
img_115.jpg,APRL_001,Men's Thobe,image,N/A,Adults,N/A,Fabric Blend,N/A,Full body wear,"Smooth fabric, plain weave",Male,Brown,Short sleeves,"casual, traditional, religious","rectangle, inverted triangle, apple","oval, round, square, rectangular","ebony, dark, tan, olive, fair, light","warm, neutral"
img_116.jpg,APRL_003,Men's Thobe/Jubbah,traditional,Adults,L,Cotton Blend,Mid-Range,Traditional wear,Subtle texture,Male,Black,Short sleeves,"casual, religious, cultural, formal","hourglass, pear, apple, inverted triangle, rectangle","oval, round, square, heart","ebony, dark, tan, olive, fair, light","warm, neutral, cool"
img_117.jpg,APRL_003,Mens Loose Tunic,image,N/A,Adult,L,Linen Blend,Mid-Range,Full-length garment,"Textured, Woven",Male,Yellow,3/4 sleeves (rolled),"casual, beach, comfort, lounge","rectangle, apple, inverted triangle","oval, square, rectangular","dark, tan, olive, fair, light","warm, neutral"
img_118.jpg,APRL_003,Men's Long T-shirt Dress,studio,N/A,Adults,L,Cotton Blend,Mid-Range,One-piece garment,"Soft knit fabric, Plain",Male,Grey,Short sleeves,"casual, lounge, travel","rectangle, apple, pear, inverted triangle","oval, round, square, rectangular","fair, light, olive, tan, dark, ebony","warm, neutral, cool"
img_119.jpg,APRL_001,Men's Kaftan,full_body,N/A,Adults,Free Size,Cotton Blend,Mid-Range,Full garment,Textured,Male,Black,Short sleeves,"lounge, casual, religious","rectangle, inverted triangle, apple, pear, hourglass","oval, round, square, heart, diamond, rectangular","ebony, dark, tan, olive, fair, light","warm, neutral, cool"
img_120.jpg,APRL_001,Floral Maxi Dress,modest,,Adults,Various,Chiffon,Mid-Range,Dress,"Flowing fabric, Floral print",Female,"Pink (Floral pattern)",Long sleeves (Flared cuff),"casual, party, seasonal, wedding","hourglass, pear, apple, inverted triangle, rectangle","oval, round, square, heart, diamond, rectangular","ebony, dark, tan, olive, fair, light","warm, neutral, cool"
img_121.jpg,APRL_001,Mens Thobe/Kaftan,traditional garment,,Adults,L,Cotton Blend,Mid-Range,Traditional wear,"Textured fabric, Embroidery detail",Male,Navy Blue,Short sleeves,"casual, traditional, religious, semi-formal","apple, rectangle, inverted triangle","square, rectangular, diamond, oval","dark, olive, fair, light","cool, neutral, warm"
img_122.jpg,APRL\_003,Embellished Abaya Kimono,traditional lifestyle,N/A,Adults,M,Chiffon Blend,Mid-Range,"Flowing fabric, Embellished with pearls, Lace trim",Female,"Dark Blue, Black",Long sleeves,"casual, party, formal, occasion, wedding","hourglass, pear, apple, inverted triangle, rectangle","oval, round, square, heart, diamond, rectangular","ebony, dark, tan, olive, fair, light","warm, neutral, cool"
img_123.jpg,APRL_003,Abaya,Full body,,Adults,M,Polyester Blend,Mid-Range,Dress,"Smooth fabric, Embroidery, Embellishments",Female,Maroon,Full sleeves,"casual, special occasions, religious events","hourglass, pear, apple, inverted triangle, rectangle","oval, round, square, heart, diamond, rectangular","ebony, dark, tan, olive, fair, light","warm, neutral, cool"
img_124.jpg,APRL_003,Abaya/Kimono Cardigan,Ethnic wear,,Adults,Free Size,Polyester/Chiffon Blend,Mid-Range,Outerwear/Robe,"Smooth fabric, Lace/Embroidery, Sheer",Female,Mauve/Plum,"Full sleeves, Sheer/Textured detail","casual, party, religious events, formal","hourglass, pear, apple, inverted triangle, rectangle","oval, round, square, heart, diamond, rectangular","dark, tan, olive, fair, light","neutral, cool"
img_125.jpg,APRL_003,Palazzo Suit,traditional,,Adults,Not specified,Silk Blend,Not specified,Traditional set,"Smooth fabric, Embroidery, Sequence work",Female,"Teal, Dark Blue",Full sleeves,"party, wedding, festive, formal","rectangle, hourglass, pear","oval, round, square, rectangular","fair, light, olive, tan","warm, neutral"
img_126.jpg,APRL_001,Ethnic Suit with Dupatta,traditional,,Adults,M,Cotton Blend,Mid-Range,Ethnic Suit,"Smooth fabric, Embroidery, Print, Embellishments",Female,"Magenta, Teal, Pink",Full sleeves,"party, wedding, formal, seasonal, festive","hourglass, pear, rectangle, apple, inverted triangle","oval, round, square, heart","ebony, dark, tan, olive, fair, light","neutral, cool, warm"
img_127.jpg,APRL_003,Embroidered Palazzo Suit Set with Dupatta,traditional,,Adults,,Viscose Blend,Mid-Range,Suit Set,"Smooth fabric, Embroidery, Printed dupatta",Female,Taupe/Brown,Full sleeves,"casual, party, wedding, formal, seasonal","pear, rectangle, apple, hourglass","oval, round, square","fair, light, olive, tan","neutral, warm"
img_128.jpg,APRL_003,Women's Kurta Set with Dupatta,traditional,URL_not_available,Adults,M,Silk Blend,Mid-Range,Set,"Smooth fabric, Embroidery, Embellishment",Female,"Purple, Pink",Full sleeves,"casual, party, wedding, festive","hourglass, pear, apple, inverted triangle, rectangle","oval, round, square","ebony, dark, tan, olive, fair, light","warm, neutral, cool"
img_129.jpg,APRL_001,Salwar Suit,"Traditional Indian ethnic wear",,Adults,M,Silk Blend,Mid-High Range,"Top wear, Bottom wear, Dupatta","Smooth fabric, Embroidery, Embellishments",Female,"Magenta, Red",Full sleeves,"party, wedding, festive, formal, traditional","hourglass, rectangle, inverted triangle","oval, round, square, heart","fair, light, tan, olive, dark, ebony","warm, neutral, cool"
img_130.jpg,APRL_003,Women's Sharara Set,ethnic wear,N/A,Adults,N/A,Lawn/Chiffon Blend,N/A,Full Set,"Smooth fabric, Floral embroidery, Lace trim, Tassels",Female,Light Blue,Long Sleeves,"casual, festive, party, ethnic wear","rectangle, pear, hourglass","oval, round, square","fair, light, olive, tan","neutral, cool"
img_131.jpg,APRL_001,Long Sleeve Maxi Dress,image,,Adults,M,Polyester Blend,Mid-Range,Dress,"Smooth fabric, Flowy",Female,Sage Green,Long sleeves,"casual, vacation, beach, daytime event","hourglass, pear, apple, rectangle","oval, round, square, heart","tan, olive, fair, light","warm, neutral"
img_132.jpg,APRL_003,Embroidered Kurti Set,traditional,,Adults,,Cotton Blend,Mid-Range,"Smooth fabric, Embroidery, Fringed hem",Female,Peach,Sleeveless,"casual, party, wedding, festive, formal","rectangle, hourglass, apple, pear","oval, round, square","dark, tan, olive, light","warm, neutral"
img_133.jpg,APRL_003,Palazzo Suit,traditional,Adults,M,Cotton Blend,Mid-Range,"Top wear, Bottom wear, Dupatta","Smooth fabric, Embroidery, Printed patterns, Tassels, Border detailing",Female,"Mustard Yellow, Teal, Navy Blue, Orange, Purple",Full sleeves,"casual, party, wedding, festive, formal","hourglass, pear, rectangle, inverted triangle","oval, round, square, heart","fair, light, olive, tan",warm, neutral
img_134.jpg,APRL_001,Kurta Set,studio shot,,Adults,Medium,Cotton Blend,Mid-Range,Top wear, bottom wear,"Smooth fabric, Embroidered dupatta",Female,Red,Full sleeves,"casual, party, wedding, festive, seasonal","hourglass, pear, rectangle, apple","oval, round, square, heart","ebony, dark, tan, olive, fair, light","warm, neutral, cool"
img_135.jpg,APRL_001,Kurta Set,traditional,,Adults,M,Rayon Blend,Mid-Range,Top wear, Bottom wear,"Smooth fabric, Foil print",Female,"Red, Gold",Sleeveless,"casual, party, festive, wedding, formal","hourglass, pear, rectangle, apple","oval, round, square, heart","fair, light, olive, tan, dark","warm, neutral, cool"
img_136.jpg,APRL_001,Women's Kurta Pant Set with Dupatta,Kurta Pant Set with Dupatta,,Adults,M,Cotton Blend,Mid-Range,"Top wear, bottom wear, dupatta","Textured fabric, Sheer dupatta, Embroidery, Embellishment",Female,"Olive Green, Silver",Full sleeves,"casual, party, festive, semi-formal","hourglass, rectangle, pear, apple, inverted triangle","oval, round, square, heart","light, fair, olive, tan","warm, neutral"
img_137.jpg,APRL_003,Kurta Set,ethnic wear,,Adults,M,Cotton Blend,Mid-Range,Top wear, Bottom wear,"Smooth fabric, Small dots, Striped dupatta",Female,Pink,Full sleeves,"casual, party, festival, semi-formal","pear, rectangle, hourglass","oval, round, heart","fair, light, olive, tan","warm, neutral, cool"
img_138.jpg,APRL\_001,Women's Kurta Set,traditional,,Adults,,Rayon Blend,Mid-Range,"Top wear, Bottom wear","Smooth fabric, Embroidery, Sheer striped dupatta",Female,Purple,3/4 sleeves,"casual, party, wedding, festive","hourglass, pear, rectangle","oval, round, square, heart, rectangular","dark, tan, olive, fair, light","warm, neutral, cool"
img_139.jpg,APRL_001,Women's Kurta Pant Dupatta Set,traditional,,Adults,"Multiple sizes available",Georgette blend,Mid-Range,"Kurta, Pant, Dupatta Set","Smooth fabric, Gota Patti detailing",Female,Maroon,3/4 sleeves,"casual, party, festive","hourglass, pear, apple, inverted triangle, rectangle","oval, round, square, heart, diamond, rectangular","ebony, dark, tan, olive, fair, light","warm, neutral, cool"
img_140.jpg,APRL_003,Kurta with Palazzo and Dupatta Set,product image,,Adults,"S, M, L, XL, XXL",Rayon Blend with Net Dupatta,Mid-Range,"Top wear, Bottom wear","Smooth fabric, Foil print, Sheer net dupatta",Female,Olive Green,Sleeveless,"casual, festive, party, semi-formal","rectangle, pear, apple, hourglass","oval, round, heart, square, diamond","fair, light, olive, tan","warm, neutral"
img_141.jpg,APRL_003,Ethnic Suit Set,traditional,,Adults,Multiple Sizes Available,Synthetic Blend,High-Range,Set,"Smooth fabric, Heavy Embroidery, Print",Female,"Hot Pink, Orange",Full sleeves,"party, wedding, festive, formal","hourglass, pear, apple, inverted triangle, rectangle","oval, round, square, heart","fair, light, olive, dark, ebony","warm, neutral"
img_142.jpg,APRL_003,Women's Kaftan Dress,Kaftan dress image,URL_placeholder,Adults,L,Polyester Blend,Mid-Range,Dress,"Smooth fabric, Embroidery, Beadwork",Female,"Light Blue, Gold Embroidery",Full sleeves,"party, wedding, formal, cultural events, special occasions","hourglass, pear, apple, rectangle","oval, square, diamond, round","fair, light, tan, olive","warm, neutral, cool"
img_143.jpg,APRL_001,Kurta Set with Dhoti Pants,"Kurta, Dhoti Pants, Dupatta",,Adults,M,Georgette,Mid-Range,"Embroidery, Flowing fabric",Female,Magenta,Full sleeves,"party, wedding, formal, seasonal","hourglass, pear, apple, inverted triangle, rectangle","oval, round, square, heart, diamond, rectangular","ebony, dark, tan, olive, fair, light","warm, neutral, cool"
img_144.jpg,APRL_003,Women's Ethnic Suit,Traditional,Image URL placeholder,Adults,M,Silk Blend,Mid-Range,Ethnic Suit,"Smooth fabric, Embroidery, Print",Female,"Olive Green, Red, Orange","Full sleeves","casual, party, wedding, festive, seasonal","rectangle, pear, hourglass","oval, square, heart, diamond","fair, light, tan, olive, dark","neutral, warm, cool"
img_145.jpg,APRL_003,Womens Kurta Suit,traditional,,Adults,M,Synthetic Blend, Embroidery,Mid-Range,"Top wear, Bottom wear","Smooth, Embroidered, Printed",Female,"Orange, Pink, Multi-colour",Full sleeves,"casual, party, wedding, festive","hourglass, pear, apple, inverted triangle, rectangle","oval, round, square, heart, diamond, rectangular","ebony, dark, tan, olive, fair, light","warm, neutral, cool"
img_146.jpg,APRL_003,Anarkali Dhoti Suit Set,traditional,N/A,Adults,L,Georgette Blend,Mid-Range,"Top wear, Bottom wear, Dupatta","Smooth fabric, Embroidery, Sequin work, Net Dupatta",Female,"Black, Gold",Full sleeves,"party, wedding, festive, formal","hourglass, rectangle, pear, apple","oval, round, square, heart","ebony, dark, tan, olive, fair, light","warm, neutral, cool"
img_147.jpg,APRL_001,Anarkali Suit,studio,,Adults,L,Georgette Blend,Mid-Range,"Top wear, Bottom wear","Smooth fabric, Embroidery",Female,Purple,Full sleeves,"party, wedding, formal, festive","hourglass, pear, apple, inverted triangle, rectangle","oval, round, square","dark, olive, fair, light","neutral, cool"
img_148.jpg,APRL_001,Maxi Dress,product image,,Adults,Plus Size,Polyester Blend,Unknown,Dress,"Smooth fabric, Printed Pattern",Female,"Black, Pink, White, Multi-color",Sleeveless,"casual, party, semi-formal","hourglass, pear, apple, rectangle, inverted triangle","oval, round, square, heart","ebony, dark, tan, olive, fair, light","warm, neutral, cool"
img_149.jpg,APRL_003,Printed Abaya Dress,Studio shot,,Adults,L,Chiffon/Georgette Blend,Mid-Range,Full length dress,"Smooth fabric, Animal print",Female,"Blue, Grey, Black","Full length, Flowy sleeves","casual, party, semi-formal, seasonal","hourglass, pear, inverted triangle, apple, rectangle","oval, round, square, heart","fair, light, olive, tan","neutral, cool"
img_150.jpg,APRL_003,Floral Maxi Dress,Adults,Multiple,Cotton Blend,Mid-Range,dress,"Smooth fabric, Floral print",Female,"Green with floral print","3/4 sleeves, puffed","casual, semi-formal, day wear","pear, rectangle, inverted triangle, hourglass","oval, round, heart, diamond","fair, light, olive, dark","warm, neutral"
img_151.jpg,APRL_003,Polka Dot Modest Dress,modest dress,abaya,polka dot dress,N/A,Adults,M,Polyester Blend,Mid-Range,Dress,Full length dress,"Smooth fabric, Polka dot print, Tiered hem",Female,"Brown, White polka dots",Full sleeves,"casual, daytime, modest events, seasonal","rectangle, pear, apple, inverted triangle, hourglass","oval, round, square, heart, diamond","dark, tan, olive, light, fair, ebony","warm, neutral"
img_152.jpg,APRL_003,Women's Salwar Suit,Traditional outfit,,Adults,L,Georgette Blend,Mid-Range,Traditional Wear,"Smooth fabric, Embroidery, Crinkled bottom",Female,Aqua,Full sleeves,"party, wedding, formal, seasonal","hourglass, rectangle, pear","oval, round, heart","tan, olive, fair, light","neutral, cool"
