filename,data
img_1751.jpg,APRL_003,Embellished Anarkali Gown,"Traditional, Ethnic, Party Wear",,Adults,Variable,"Georgette Blend, Sequin Embellishments",Mid-Range,Full-length Ethnic Wear,"Smooth fabric, Embellished, Geometric pattern, Flowy",Female,Teal,"Full sleeves, Flared cuffs","Party, Wedding, Festive, Formal","hourglass, pear, apple, inverted triangle, rectangle","oval, round, square, heart, diamond, rectangular","ebony, dark, tan, olive, fair, light","cool, neutral"
img_1752.jpg,APRL_001,Women's Embroidered Gharara Suit,traditional,,Adults,M,Georgette Blend,High-Range,Complete set,"Smooth fabric, Intricate Embroidery",Female,Maroon/Fuchsia with Gold,Full sleeves,"wedding, festive, party, formal","hourglass, pear, rectangle, inverted triangle, apple","oval, round, square, heart","ebony, dark, tan, olive, fair, light","warm, neutral"
img_1753.jpg,APRL_001,Embellished Kaftan Dress,full-shot,provided_image,Adults,L,Chiffon,Mid-Range,Dress,"Smooth, Flowy, Beaded, Embroidered",Female,Red,Full sleeves (Batwing style),"Party, Festive, Wedding, Special Occasion","hourglass, pear, apple, inverted triangle, rectangle","oval, round, square, heart, diamond, rectangular","ebony, dark, tan, olive, fair, light","warm, neutral, cool"
img_1754.jpg,APRL_001,Women's Kaftan Dress,studio shot,,Adults,Free size,Chiffon,Mid-Range,Full-length dress,"Smooth fabric, Heavy embroidery, Beaded",Female,Purple,"Bell sleeves, Full length","Party, Wedding, Festive, Formal, Special occasions","apple, pear, rectangle, inverted triangle, hourglass","oval, round, square, heart, rectangular","dark, tan, olive, fair, light","neutral, cool, warm"
img_1755.jpg,APRL_003,Women's Kaftan Gown,traditional,,Adults,Free size,Chiffon Blend,Mid-Range,Dress,"Smooth fabric, Embroidery, Beading",Female,"Purple, Gold",Flared sleeves,"Party, Wedding, Formal, Festive, Cultural events","hourglass, pear, apple, rectangle","oval, round, square, heart","fair, light, tan, olive","cool, neutral, warm"
img_1756.jpg,APRL_001,Abaya,traditional,,Adults,L,Crepe,Mid-Range,Dress,"Smooth fabric, Embroidery",Female,"Mauve, Black","Bell sleeves, Full sleeves","casual, religious, festive, formal","hourglass, pear, apple, inverted triangle, rectangle","oval, round, heart","fair, light, tan, olive, dark","cool, neutral"
img_1757.jpg,APRL_001,Men's Kurta,original,not available,Adults,L,Cotton Blend,Mid-Range,Top wear,"Smooth fabric, Geometric foil print",Male,"Black, Silver",Full sleeves,"casual, party, wedding, formal, seasonal, festival","rectangle, inverted triangle, apple, pear","oval, round, square, heart, diamond, rectangular","ebony, dark, tan, olive, fair, light","warm, neutral, cool"
img_1758.jpg,APRL_001,Women's Kaftan Abaya Dress,original_image,,Adults,Free Size,Crepe,Mid-Range,Dress,"Smooth fabric, flowing drape",Female,Black,"Long, Balloon sleeves","casual, formal, party, religious events",hourglass, pear, apple, inverted triangle, rectangle,oval, round, square, heart, diamond, rectangular,ebony, dark, tan, olive, fair, light,warm, neutral, cool
img_1759.jpg,APRL_001,Women's Floral Print Anarkali Kurta Set,traditional,,Adults,M,Satin Blend,Mid-Range,Top wear,"Smooth fabric, Shiny, Floral print, Embellished neckline",Female,"Yellow, Multi-color floral print",Three-quarter sleeves,"festive, party, wedding, casual, seasonal","pear, rectangle, apple, hourglass, inverted triangle","oval, round, square, heart","tan, olive, fair, light","warm, neutral"
img_1760.jpg,APRL_003,Embellished Anarkali Gown,Ethnic Wear,Adults,Standard,Georgette Blend,High-Range,Full-length dress,"Smooth fabric, Sequin/Mirror Embellishment",Female,Magenta,"Full sleeves, Bell sleeves","Party, Wedding, Festive, Engagement, Formal events","hourglass, pear, apple, inverted triangle, rectangle","oval, round, heart, diamond","tan, olive, dark, fair","cool, neutral, warm"
img_1761.jpg,APRL_001,Embroidered Gharara Suit,image_from_request,N/A,Adults,Standard,Georgette,Mid-Range,Full Suit,"Embroidered, Sheer, Flowy",Female,Lavender,Full sleeves,"festive, party, wedding, formal","hourglass, pear, apple, inverted triangle, rectangle","oval, round, square, heart, diamond, rectangular","ebony, dark, tan, olive, fair, light","cool, neutral, warm"
img_1762.jpg,APRL_003,Embellished Kaftan Dress,traditional,,Adults,Free size,Chiffon,Mid-Range,Dress,"Smooth fabric, Embellished",Female,Red,Full sleeves,"casual, party, wedding, festive","apple, rectangle, inverted triangle, pear","oval, round, square","dark, tan, olive, fair, light","warm, neutral"
img_1763.jpg,APRL_001,Embroidered Kaftan Dress,traditional,N/A,Adults,Free size,Chiffon Blend,Mid-Range,Dress,"Smooth fabric, Gold embroidery",Female,Teal Blue,Full sleeves,"casual, party, festive, resort wear","hourglass, pear, apple, inverted triangle, rectangle","oval, round, square, heart, diamond, rectangular","ebony, dark, tan, olive, fair, light","warm, neutral, cool"
img_1764.jpg,APRL_001,Embroidered Kaftan Dress,traditional,Adults,L,Synthetic Blend, Zari Embroidery,Mid-High Range,Full-length dress,"Smooth fabric, Intricate Zari Embroidery",Female,"Royal Blue, Gold",Full sleeves,"Party, Wedding, Festive, Formal, Traditional events","hourglass, pear, apple, inverted triangle, rectangle","oval, round, square, heart, diamond, rectangular","ebony, dark, tan, olive, fair, light","cool, neutral, warm"
img_1765.jpg,APRL_003,Embroidered Abaya,traditional,N/A,Adults,L,Georgette Blend,Mid-Range,Full-length garment,"Smooth fabric, intricate floral embroidery",Female,Maroon,"Full sleeves, Flared sleeves","casual, party, wedding, formal, religious, festive","hourglass, pear, apple, inverted triangle, rectangle","oval, round, square, heart, rectangular","ebony, dark, tan, olive, fair, light","warm, neutral, cool"
img_1766.jpg,APRL_001,Men's Kurta Pyjama Set,traditional,Adults,L,Silk Blend,Mid-Range,"Top wear, Bottom wear","Textured fabric, Smooth fabric",Male,"Navy, Off-white",Full sleeves,"casual, party, wedding, festive, formal","rectangle, inverted triangle, apple, pear","oval, round, square, heart, diamond, rectangular","ebony, dark, tan, olive, fair, light","warm, neutral, cool"
img_1767.jpg,APRL_003,Embroidered Tassel Detail Maxi Dress,Bohemian/Ethnic Style,N/A,Adults,One Size,Rayon Blend,Mid-Range,Dress,"Soft fabric, Embroidery, Tassels",Female,Periwinkle Blue,Full sleeves,"casual, resort wear, holiday, everyday wear","hourglass, pear, apple, inverted triangle, rectangle","oval, round, square, heart, diamond, rectangular","fair, light, tan, olive","cool, neutral"
img_1768.jpg,APRL_001,Women's Floral Printed Anarkali Kurta Set,traditional,,Adults,N/A,Silk Blend,Mid-Range,"Smooth fabric, Floral print, Embellished waistline, Lace trim",Female,"White, Pink, Red, Green, Orange, Purple",3/4 sleeves,"casual, party, festive, wedding, formal","hourglass, pear, apple, rectangle","oval, round, heart, diamond","fair, light, tan, olive, dark","warm, neutral, cool"
img_1769.jpg,APRL_001,Anarkali Gown,traditional,provided_image,Adults,Medium,"Faux Georgette, Embroidery, Sequence Work",Mid-Range,Gown,"Smooth fabric, Intricate Embroidery, Sequence Work",Female,"Dark Green, Lime Green, Gold",Full sleeves,"party, wedding, festival, formal, traditional","hourglass, pear, rectangle, inverted triangle","oval, round, heart, rectangular","fair, light, tan, olive, dark",warm,neutral,cool
img_1771.jpg,APRL_001,Orange Embroidered Kaftan Dress,"Kaftan Dress, Evening Wear, Formal Dress, Embroidered",,Adults,Free Size,Chiffon,Mid-Range,Dress,"Flowy fabric, Beaded, Embroidered, Sheer sleeves",Female,Orange,"Batwing sleeves, Full sleeves","party, evening, formal, wedding guest, festive, special occasion","hourglass, pear, apple, inverted triangle, rectangle","oval, heart, diamond, rectangular","ebony, dark, tan, olive","warm, neutral"
img_1772.jpg,APRL_001,Embroidered Kaftan Gown,traditional,N/A,Adults,L,Georgette,Mid-Range,Full dress,"Smooth fabric, Intricate embroidery, Beaded",Female,"Yellow, Maroon, Gold",Full sleeves,"Wedding, Party, Festive, Special Occasion, Formal","hourglass, pear, apple, inverted triangle, rectangle","oval, round, square, heart, diamond, rectangular","ebony, dark, tan, olive, fair, light","warm, neutral"
img_1773.jpg,APRL_001,Women's Abaya Dress,traditional,Adults,L,"Crepe Fabric, Polyester Blend",Mid-Range,Full-length dress,"Smooth fabric, Embroidery on bodice and sleeves",Female,"Maroon, Burgundy","Full sleeves, Bell sleeves","casual, party, festive, religious, wedding","hourglass, pear, apple, inverted triangle, rectangle","oval, round, square, heart, rectangular","ebony, dark, tan, olive, fair, light","warm, neutral, cool"
img_1774.jpg,APRL_001,Embroidered Abaya / Long Kimono Robe,original image,,Adults,Free Size,Polyester Blend,Mid-Range,Full-length outerwear,"Smooth fabric, Textured embroidery",Female,"Navy Blue, Multi-color embroidery, Yellow trim","Long sleeves, Wide sleeves","casual, party, festive, formal, wedding","hourglass, pear, apple, inverted triangle, rectangle","oval, round, square, heart, diamond, rectangular","ebony, dark, tan, olive, fair, light","warm, neutral, cool"
img_1775.jpg,APRL_003,Men's Printed Kurta Set,traditional,Adults,M,Cotton Blend,Mid-Range,Kurta Set,"Smooth fabric, Geometric print",Male,White,Full sleeves,"casual, festive, wedding, party, formal","rectangle, inverted triangle, apple, pear","oval, round, square, heart, diamond, rectangular","ebony, dark, tan, olive, fair, light","warm, neutral, cool"
img_1776.jpg,APRL_001,Embroidered Abaya Dress,Yes,,Adults,M,Polyester Blend,Mid-Range,Dress,"Smooth fabric, Intricate embroidery",Female,"Navy Blue, Gold embroidery","Full sleeves, Flared cuffs","Formal, Party, Special Occasion, Wedding, Eid","hourglass, pear, apple, inverted triangle, rectangle","oval, round, square, heart, diamond, rectangular","ebony, dark, tan, olive, fair, light","warm, neutral, cool"
img_1777.jpg,APRL_001,Women's Kurta Set with Dupatta,traditional,,Adults,M,Cotton Blend,Mid-Range,"Top wear, Bottom wear, Dupatta","Smooth fabric, Printed, Embroidered",Female,"Light Pink (Kurta), Cream (Bottom), Multi-color (Dupatta)",3/4 sleeves,"casual, festive, party, ethnic wear","hourglass, pear, rectangle, inverted triangle, apple","oval, round, square, heart","fair, light, tan, olive, dark","warm, neutral, cool"
img_1778.jpg,APRL_001,Embroidered Anarkali Gown,product_shot_full_length,,Adults,"S,M,L,XL",Georgette, Sequin,Mid-Range,Gown,"Smooth, Sequin embroidery",Female,Mauve,Full sleeves,"party, wedding, formal, festive, engagement","hourglass, pear, apple, inverted triangle, rectangle","oval, round, square, heart, diamond, rectangular","ebony, dark, tan, olive, fair, light","warm, neutral, cool"
img_1780.jpg,APRL_003,Women's Embroidered Kaftan Gown,traditional,,Adults,L,"Chiffon Blend, Gold Embroidery",Mid-Range,Full garment,"Smooth, Flowy, Embellished, Embroidered",Female,"Hot Pink, Gold","Long, Batwing sleeves","party, wedding, festive, evening, formal","hourglass, pear, apple, inverted triangle, rectangle","oval, round, square","ebony, dark, tan, olive, fair, light","cool, neutral"
img_1781.jpg,APRL_001,Abaya with Belt,traditional,,Adult,L,Velvet Blend,Mid-Range,Modest Dress,"Embossed pattern, Smooth fabric, Intricate embroidery, Beading",Female,"Navy Blue, Light Blue","Full sleeves, Flared cuffs","Formal, Party, Wedding, Religious events, Evening wear","hourglass, pear, apple, inverted triangle, rectangle","oval, round, square, heart, diamond, rectangular","ebony, dark, tan, olive, fair, light","neutral, cool"
img_1783.jpg,APRL_001,Embroidered Kaftan Dress,Kaftan_Red_Embroidered,Full_length_Kaftan_Image,Adults,Free Size,Chiffon/Georgette,Mid-Range,Dress,"Sheer fabric, Flowing, Intricate gold embroidery",Female,"Red, Gold",Batwing sleeves,"casual, party, wedding, formal, seasonal, festive","hourglass, pear, apple, inverted triangle, rectangle","oval, round, square, heart, diamond, rectangular","ebony, dark, tan, olive, fair, light","warm, neutral, cool"
img_1784.jpg,APRL_003,Men's Kurta with Pajama Set,traditional,Adults,M,Cotton Blend,Mid-Range,Top wear and Bottom wear,"Smooth fabric, Embroidered/Printed pattern",Male,"Pink, Off-white",Full sleeves,"casual, party, wedding, festive, formal, seasonal","rectangle, inverted triangle, apple, pear","oval, round, square","tan, olive, fair, light","warm, neutral"
img_1785.jpg,APRL_001,Red Kaftan Dress,Traditional,N/A,Adults,Free size,Polyester Blend, Embellished,Mid-Range,Dress,"Smooth fabric, Printed, Embellished, Flowy",Female,"Red, White","Long sleeves, Kaftan sleeves","casual, party, festive, formal, wedding, cultural","rectangle, apple, pear, inverted triangle, hourglass","oval, round, square, heart","fair, light, tan, olive, dark, ebony","warm, neutral, cool"
img_1786.jpg,APRL_001,Women's Printed Kurta Set,traditional,N/A,Adults,M,Cotton Blend,Mid-Range,"Top wear, Bottom wear","Smooth fabric, Printed, Embroidered neckline",Female,"White, Blue, Sky Blue",3/4 sleeves,"casual, festive, party, daily wear","hourglass, pear, apple, inverted triangle, rectangle","oval, round, square, heart, diamond, rectangular","ebony, dark, tan, olive, fair, light","neutral, cool"
img_1787.jpg,APRL_001,Embroidered Anarkali Gown,traditional,,Adults,L,Georgette,Mid-Range,Gown,"Smooth fabric, Embroidery, Sequins",Female,Teal Green,Full sleeves,"party, wedding, festive, formal","hourglass, pear, rectangle, inverted triangle, apple","oval, round, heart","tan, olive, fair, light","cool, neutral"
img_1789.jpg,APRL_001,Kaftan,traditional,,Adults,L,Chiffon,Mid-Range,Full Length Dress,"Smooth fabric, Embroidery",Female,White,"Full length, Batwing sleeves","party, wedding, formal, festive, special occasion","rectangle, apple, pear, hourglass, inverted triangle","oval, round, square, heart","ebony, dark, tan, olive, fair, light","warm, neutral, cool"
img_1791.jpg,APRL_001,Embellished Kaftan Dress,original image,N/A,Adults,Free Size,Chiffon Blend,Mid-Range,Dress,"Smooth fabric, Beaded embellishments",Female,"Off-white, Multi-color beads","Batwing sleeves, Full sleeves","casual, party, festive, resort wear, special occasion","hourglass, pear, apple, inverted triangle, rectangle","oval, round, rectangular","ebony, dark, tan, olive, fair, light","warm, neutral, cool"
img_1792.jpg,APRL_001,Men's Kurta Pajama Set,traditional,N/A,Adults,L,Cotton Blend,Mid-Range,"Top wear, Bottom wear","Textured, Smooth",Male,"Light Yellow, Cream",Full sleeves,"casual, festive, semi-formal, wedding, religious ceremony","rectangle, inverted triangle, apple, pear","oval, round, square, heart","fair, light, tan, olive","warm, neutral"
img_1793.jpg,APRL_001,Jilbab with Niqab,traditional,,Adults,Free size,Chiffon,Mid-Range,Full Body Wear,"Smooth, Flowy",Female,White,"Full sleeves, Wide sleeves","religious, modest fashion, daily wear, formal","hourglass, pear, apple, inverted triangle, rectangle","oval, round, square, heart, diamond, rectangular","ebony, dark, tan, olive, fair, light","warm, neutral, cool"
img_1794.jpg,APRL_001,Embroidered Tunic Suit,traditional,,Adults,Various,Organza Blend,High-Range,"Top wear, Bottom wear","Sheer fabric, intricate embroidery, floral, lace-like details",Female,"Off-white, Pastel Multicolour",Full sleeves,"party, wedding, formal, festive, seasonal","hourglass, pear, apple, inverted triangle, rectangle","oval, round, square, heart, diamond, rectangular","ebony, dark, tan, olive, fair, light","warm, neutral, cool"
img_1795.jpg,APRL_003,Embroidered Anarkali Gown,Ethnic Wear,N/A,Adults,M,Georgette,Mid-Range,Full attire,"Flowy, Embroidered, Sequin work",Female,Mauve,Full sleeves,"Party, Wedding, Festive, Formal","hourglass, pear, rectangle, inverted triangle","oval, round, heart, square","fair, light, tan, olive, dark","neutral, warm"
img_1797.jpg,APRL_001,Women's Kaftan Dress,traditional,,Adults,M,Chiffon,Mid-Range,Dress,"Smooth fabric, Sheer, Beaded embroidery",Female,Red,"Kaftan sleeves, Full sleeves","party, festive, wedding, formal, special occasion","apple, pear, rectangle, hourglass, inverted triangle","oval, round, square, heart, diamond, rectangular","fair, light, tan, olive, dark, ebony",warm, neutral
img_1798.jpg,APRL_003,Embellished Kaftan Dress,traditional,Adults,M,"Chiffon, Georgette",High-Range,Dress/Gown,"Flowing fabric, Extensive Embroidery",Female,"Red, Gold",Full sleeves,"party, wedding, formal, festive, evening wear","rectangle, apple, pear, inverted triangle","oval, round, square, heart, rectangular","dark, tan, olive, fair, light","warm, neutral"
img_1799.jpg,APRL_001,Men's Embroidered Kurta Pyjama Set,ethnic_wear,N/A,Adults,L,Cotton Blend,Mid-Range,"Top wear, Bottom wear","Smooth fabric, Embroidered (Kurta); Plain (Pyjama)",Male,"Navy Blue, White (Kurta); Cream (Pyjama)",Full sleeves,"casual, party, wedding, festive, formal","rectangle, inverted triangle, apple","oval, round, square","tan, olive, fair, light, dark","warm, neutral, cool"
img_1800.jpg,APRL_001,Women's Abaya,traditional,N/A,Adults,L,"Crepe, Polyester",Mid-Range,Full length dress,"Smooth fabric, Sequin embroidery, Fringe details",Female,Black,Full sleeves,"Religious, Formal, Party, Occasional","hourglass, pear, apple, inverted triangle, rectangle","oval, rectangular","ebony, dark, tan, olive, fair, light","warm, neutral, cool"
img_1801.jpg,APRL_001,"Women's Floral Print Kurta Set with Dupatta",traditional,,Adults,M,Cotton Blend,Mid-Range,"Top wear, Bottom wear","Smooth fabric, Printed, Floral pattern",Female,"White, Blue, Grey, Brown",3/4 sleeves,"casual, festive, daily wear, cultural","hourglass, pear, apple, inverted triangle, rectangle","oval, round, square, heart, diamond, rectangular","ebony, dark, tan, olive, fair, light","warm, neutral, cool"
img_1802.jpg,APRL_003,Designer Anarkali Gown,traditional,,Adults,M,Georgette,High-Range,Dress/Gown,"Embroidered, Sequin work, Flowy fabric",Female,Olive Green,Full sleeves,"Wedding, Party, Festive, Formal","hourglass, pear, apple, inverted triangle, rectangle","oval, round, heart, square","fair, light, olive, tan","warm, neutral"
img_1803.jpg,APRL_001,Womens Anarkali Kurta Set with Dupatta,traditional,,Adults,L,Cotton Blend,Mid-Range,Top wear,Bottom wear,"Smooth fabric, Embroidery, Sheer dupatta",Female,Black,Full sleeves,"casual, party, wedding, formal, seasonal","hourglass, pear, apple, inverted triangle, rectangle","oval, round, square, heart, diamond, rectangular","ebony, dark, tan, olive, fair, light","warm, neutral, cool"
img_1804.jpg,APRL_003,Kaftan Dress,ethnic,,Adults,Free size,Chiffon,Mid-Range,Full length dress,"Smooth, Flowy fabric, Beaded embroidery",Female,Orange,Kaftan sleeves,"casual, party, festive, resort wear","apple, pear, rectangle, inverted triangle","oval, round, square","tan, olive, dark","warm, neutral"
img_1805.jpg,APRL_003,Kaftan Dress,Ethnic,N/A,Adults,Free Size,Chiffon,Mid-Range,Dress,"Smooth fabric, Intricate embroidery, Beaded embellishments",Female,Teal,"Batwing sleeves, Full sleeves","Party, Wedding, Festive, Formal, Resort wear","apple, pear, rectangle, inverted triangle","oval, round, square, heart","ebony, dark, tan, olive, fair, light","warm, neutral, cool"
img_1806.jpg,APRL_003,Men's Printed Kurta,Printed,Not provided,Adults,L,Silk Blend,Mid-Range,Top wear,"Smooth fabric, Printed pattern",Male,"Light Blue, Gold, White",Full sleeves,"casual, party, festive, wedding, formal","rectangle, inverted triangle, apple","oval, rectangular, square","fair, light, tan, olive","warm, neutral"
img_1807.jpg,APRL_001,Abaya,Modest wear,N/A,Adults,Free size,Polyester Blend,Mid-Range,Dress,"Smooth fabric, Pleated bodice, Shirred cuffs",Female,Light Beige,"Full sleeves, Shirred cuffs","Casual, Everyday, Special Occasion","apple, rectangle, pear, inverted triangle","oval, round, square","dark, tan, olive, fair, light","warm, neutral"
img_1808.jpg,APRL_001,Women's Ikat Print Kurta Set,traditional,,Adults,M,Cotton Blend,Mid-Range,"Top wear, Bottom wear","Smooth fabric, Ikat print, Embroidered neckline",Female,"Black, Maroon, White",Full sleeves,"Casual, Festive, Party, Ethnic","hourglass, pear, apple, inverted triangle, rectangle","oval, round, square, heart, diamond, rectangular","ebony, dark, tan, olive, fair, light","warm, neutral, cool"
img_1809.jpg,APRL_003,Anarkali Gown Suit,traditional,,Adults,L,Georgette with Sequence Work,Mid-Range,Full Dress,"Textured, Embellished, Flowy",Female,Magenta,Full sleeves,"party, wedding, festive, formal, seasonal","hourglass, pear, rectangle, apple, inverted triangle","oval, round, square, heart","dark, tan, olive, fair, light","neutral, cool"
img_1810.jpg,APRL_001,Women's Anarkali Sharara Suit Set,traditional,Adults,M,Silk Blend,Mid-Range,"Top wear, Bottom wear","Smooth fabric, Embroidery, Woven border",Female,"Plum, Gold",Full sleeves,"casual, party, wedding, formal, festive, seasonal","hourglass, pear, apple, inverted triangle, rectangle","oval, round, square, heart, diamond","dark, tan, olive, fair, light","cool, neutral, warm"
img_1811.jpg,APRL_001,Kaftan Dress,traditional,,Adults,L,Chiffon,Mid-Range,Dress,"Smooth fabric, Embroidery, Flowy",Female,"Teal, Gold",Wide sleeves,"casual, party, wedding, formal, seasonal, evening, cultural","hourglass, pear, apple, inverted triangle, rectangle","oval, round, square, heart, diamond, rectangular","ebony, dark, tan, olive, fair, light","warm, neutral, cool"
img_1812.jpg,APRL_001,Modest Maxi Dress,full_image_1,refer_to_provided_images,Adults,Undetermined,"Glitter Knit, Polyester Blend",Mid-Range,Dress,"Shimmering, Textured, Soft Drape",Female,Bronze Shimmer,Long Sleeves Cuffed,"Casual, Semi-formal, Party, Seasonal","hourglass, rectangle, pear","oval, round, square","fair, light, olive, tan","warm, neutral"
img_1813.jpg,APRL_001,Men's Kurta,traditional,,Adults,L,Cotton Blend,Mid-Range,Top wear,"Self-design, Smooth fabric",Male,"Yellow, White",Full sleeves,"festive, wedding, casual, party, traditional","rectangle, inverted triangle, apple","oval, round, square","fair, light, tan, olive","warm, neutral"
img_1814.jpg,APRL_001,Women's Abaya,"Modest Wear, Traditional",N/A,Adults,L,"Crepe, Polyester Blend",Mid-Range,Full wear,"Smooth fabric, Flowing drape, Pleated detail",Female,"Black, Pink",Full sleeves,"casual, formal, religious, everyday, special occasion, eid","hourglass, pear, apple, inverted triangle, rectangle","oval, round, square, heart, diamond, rectangular","ebony, dark, tan, olive, fair, light","warm, neutral, cool"
img_1815.jpg,APRL_003,Sharara Suit Set,traditional,,Adults,L,Silk Blend,Mid-Range,Suit Set,"Smooth fabric, Embroidery, Mirror work, Gota patti",Female,Dusty Blue,3/4 sleeves,"party, wedding, festive, special occasion","hourglass, pear, apple, inverted triangle, rectangle","oval, round, square, heart, diamond, rectangular","ebony, dark, tan, olive, fair, light","warm, neutral, cool"
img_1816.jpg,APRL_001,Embroidered Anarkali Gown with Dupatta,traditional,N/A,Adults,M,"Net, Silk Blend, Embroidery",High-Range,Gown (Complete Outfit),"Intricately Embroidered, Net, Flowy, Soft",Female,"Teal Green, White/Off-White Embroidery",Full sleeves,"wedding, festive, party, engagement, formal","hourglass, pear, apple, inverted triangle, rectangle","oval, round, square, heart, diamond, rectangular","ebony, dark, tan, olive, fair, light","cool, neutral, warm"
img_1817.jpg,APRL_001,Women's Sharara Suit Set with Dupatta,"traditional, festive",,Adults,M,"Art Silk Blend","Mid-Range, High-Range","Top wear, Bottom wear, Dupatta","Smooth fabric, Embroidered, Flowy (dupatta), Striped (dupatta)",Female,"Off-White, Multi-colour",Full sleeves,"Festive, Wedding, Party, Ceremony","hourglass, pear, apple, inverted triangle, rectangle","oval, round, square, heart, diamond, rectangular","fair, light, tan, olive, dark, ebony","warm, neutral, cool"
img_1818.jpg,APRL_001,Women's Embroidered Kaftan Dress,original_image,https://example.com/kaftan.jpg,Adults,Free Size,Georgette,Mid-Range,Dress,"Sheer fabric, Floral Embroidery",Female,Black,"Full length, Batwing sleeves","casual, party, festive, resort wear","hourglass, pear, apple, inverted triangle, rectangle","oval, round, square","ebony, dark, tan, olive, fair, light","warm, neutral, cool"
img_1819.jpg,APRL_001,Embellished Kaftan Dress,traditional,Adults,M,Chiffon,Mid-Range,Full Dress,"Smooth fabric, intricate beading, embroidery",Female,Teal,"Full length, flared kaftan sleeves","party, wedding, formal, festive, evening wear","hourglass, pear, apple, inverted triangle, rectangle","oval, round, square, heart, diamond, rectangular","tan, olive, fair, light, dark, ebony","cool, neutral"
img_1820.jpg,APRL_003,Men's Kurta Pyjama Set,traditional,Adults,L,Art Silk Blend,Mid-Range,"Top wear, Bottom wear","Woven jacquard pattern, Smooth",Male,"Dark Grey, Cream",Full sleeves,"casual, party, wedding, festive, formal","rectangle, inverted triangle, apple","oval, round, square","ebony, dark, tan, olive, fair, light","warm, neutral, cool"
img_1821.jpg,APRL_001,Women's Maxi Dress,Modest,,Adults,N/A,Polyester Blend,Mid-Range,Full Dress,"Smooth, Draped",Female,Navy Blue,Full sleeves,"casual, formal, party, seasonal","hourglass, pear, apple, inverted triangle, rectangle","oval, round, square, heart, diamond, rectangular","ebony, dark, tan, olive, fair, light","warm, neutral, cool"
img_1822.jpg,APRL_001,Women's Embroidered Kurta Set with Dupatta,,Adults,L,Cotton Blend,Mid-Range,"Top wear, Bottom wear","Smooth fabric, Floral Embroidery, Lace Trim",Female,"White, Pink, Green",Three-quarter sleeves,"casual, festive, party, wedding","rectangle, apple, pear, hourglass, inverted triangle","oval, round, square, heart, diamond, rectangular","fair, light, tan, olive","warm, neutral, cool"
img_1823.jpg,APRL_001,Embellished Anarkali Gown,Full_image,provided image,Adults,L,Georgette,Mid-Range,Full-length dress,"Smooth fabric, Sequins, Embroidery",Female,Teal,Full sleeves,"party, wedding, festive, formal, evening wear","hourglass, pear, apple, inverted triangle, rectangle","oval, round, square, heart, diamond, rectangular","tan, olive, fair, light, dark, ebony","cool, neutral"
img_1824.jpg,APRL_001,Womens Sharara Suit,traditional,,Adults,L,Art Silk Blend,Mid-Range,"Top wear, Bottom wear","Smooth fabric, Brocade pattern, Embroidery",Female,Magenta,Full sleeves,"casual, party, wedding, festive","rectangle, inverted triangle, pear, hourglass","oval, round, square, heart","fair, light, tan, olive, dark, ebony","neutral, cool, warm"
img_1825.jpg,APRL_001,Embroidered Kaftan Dress,traditional,,Adults,Free Size,"Chiffon, Polyester Blend",Mid-Range,Dress,"Smooth fabric, Embroidery",Female,"Black, Gold","Full sleeves, Batwing style","casual, party, festive, occasional","hourglass, pear, apple, inverted triangle, rectangle","oval, round, square, heart","ebony, dark, tan, olive, fair, light","warm, neutral, cool"
img_1826.jpg,APRL_001,Embellished Kaftan Dress,main_image,provided_image_url,Adults,Free Size,Chiffon,Mid-Range,Full wear,"Smooth fabric, Embellished neckline and sleeves",Female,"Coral, Black",Batwing sleeves,"party, festive, casual, wedding","rectangle, apple, pear, hourglass, inverted triangle","oval, round, square, heart, diamond, rectangular","tan, olive, fair, light, dark","warm, neutral, cool"
img_1827.jpg,APRL_001,Men's Mauve Jacquard Kurta,traditional,,Adults,L,Silk Blend,Mid-Range,Top wear,"Smooth fabric, Jacquard pattern",Male,Mauve,Full sleeves,"Festive, Wedding, Party, Casual ethnic","rectangle, inverted triangle, apple, pear","oval, round, square, heart, rectangular","fair, light, tan, olive","cool, neutral"
img_1828.jpg,APRL_003,Abaya,Traditional,,Adults,L,Polyester,Mid-Range,Full length garment,"Smooth fabric, Flowing",Female,Rust,Full sleeves,"casual, daily wear, religious events, modest fashion","hourglass, pear, apple, inverted triangle, rectangle","oval, round, square, heart, diamond, rectangular","ebony, dark, tan, olive, fair, light","warm, neutral"
img_1829.jpg,APRL_001,Women's Kurta Set,traditional,N/A,Adults,N/A,Silk Blend,Mid-Range,Kurta Set,"Smooth fabric, Embroidery, Brocade dupatta",Female,"Dark Purple, Gold",3/4 sleeves,"festive, party, wedding, formal","rectangle, pear, apple, inverted triangle, hourglass","oval, round, square, heart","tan, olive, fair, light, dark, ebony","warm, neutral, cool"
img_1830.jpg,APRL_001,Floral Print Maxi Dress,floral print,Adults,M,Rayon,Mid-Range,Dress,"Smooth fabric, Printed",Female,"Plum, Multi-color floral print",Full sleeves,"casual, party, festive","hourglass, pear, apple, inverted triangle, rectangle","oval, round, square, heart, diamond, rectangular","ebony, dark, tan, olive, fair, light","warm, neutral, cool"
img_1831.jpg,APRL_001,Women's Sharara Suit,main image,Provided Image,Adults,Not Applicable,Georgette Blend,Mid-Range,Complete Outfit,"Smooth fabric, Intricate Embroidery",Female,Mauve,Full sleeves,"Festivals, Weddings, Parties, Ethnic events, Celebrations","hourglass, pear, apple, inverted triangle, rectangle","oval, round, square, heart, diamond, rectangular","ebony, dark, tan, olive, fair, light","warm, neutral, cool"
img_1832.jpg,APRL_001,Kaftan Dress,traditional,,Adults,L,Georgette,Mid-Range,Dress,"Smooth fabric, Embellishment",Female,Blue,Batwing sleeves,"casual, festive, party, special occasion","hourglass, pear, apple, inverted triangle, rectangle","oval, round, square, heart, rectangular","ebony, dark, tan, olive, fair, light","cool, neutral"
img_1833.jpg,APRL_003,Women's Embroidered Kaftan Dress,traditional,image_provided,Adults,Free Size,Georgette,Mid-Range,Full wear,"Smooth fabric, Flowy, Intricate embroidery",Female,"Mint Green, Gold, Black",Kaftan sleeves,"casual, party, festive, evening, formal","rectangle, apple, pear, inverted triangle, hourglass","oval, round, heart","tan, olive, fair, light, dark","cool, neutral"
img_1834.jpg,APRL_001,Mens Printed Kurta Set,traditional,N/A,Adults,L,Cotton Blend,Mid-Range,"Top wear, Bottom wear","Smooth fabric, Printed pattern",Male,"Sage Green, Off-white",Full sleeves,"casual, party, festive, wedding, formal","rectangle, inverted triangle, apple","oval, round, square, rectangular","tan, olive, fair, light","warm, neutral, cool"
img_1835.jpg,APRL_001,Embroidered Abaya,traditional,Not provided,Adults,Not specified,Crepe,Mid-Range,Overall Garment,"Smooth fabric, Floral embroidery",Female,Maroon,"Full sleeves, flared cuffs","casual, party, wedding, formal, religious events, Eid","hourglass, pear, apple, inverted triangle, rectangle","oval, round, square, heart, diamond, rectangular","ebony, dark, tan, olive, fair, light","warm, neutral, cool"
img_1836.jpg,APRL_001,Women's Ethnic Kurta Set with Dupatta,Ethnic wear,original_image.jpg,Adults,M,"Cotton Blend (Kurta & Pants), Georgette (Dupatta)",Mid-Range,"Top wear, Bottom wear, Dupatta","Smooth fabric, Sheer, Embroidered, Floral print, Striped",Female,"Purple, Pink, Green, White",Three-quarter sleeves,"Casual, Party, Festive, Semi-formal","hourglass, pear, apple, inverted triangle, rectangle","oval, round, square, heart, diamond, rectangular","ebony, dark, tan, olive, fair, light","warm, neutral, cool"
img_1837.jpg,APRL_003,Women's Embroidered Anarkali Gown,"ethnic, traditional",N/A,Adults,L,"Faux Georgette with Sequence and Embroidery",Mid-Range,Full-length Dress,"Smooth fabric, intricate sequence work, detailed embroidery",Female,Mustard Yellow,Full sleeves,"festive, party, wedding, cultural event, formal","hourglass, pear, apple, inverted triangle, rectangle","oval, round, square, heart, diamond, rectangular","ebony, dark, tan, olive, fair, light","warm, neutral"
img_1838.jpg,APRL_003,Women's Peplum Sharara Suit,main image,provided image URL,Adults,L,Georgette Blend with Embroidery,Mid-Range,Ensemble,"Smooth fabric, Embroidered, Flowy",Female,Teal Blue,Full sleeves,"party, wedding, festive, formal, traditional","hourglass, pear, apple, inverted triangle, rectangle","oval, round, square, heart, diamond, rectangular","ebony, dark, tan, olive, fair, light","warm, neutral, cool"
img_1839.jpg,APRL_001,Kaftan Dress,Ethnic,,Adults,Free Size,Georgette,Premium,Dress,"Smooth fabric, Flowing, Embellished",Female,Teal,Kaftan sleeves,"party, wedding, formal, festive, traditional","hourglass, pear, apple, inverted triangle, rectangle","oval, round, square","tan, olive, fair, light","warm, neutral, cool"
img_1840.jpg,APRL_001,Kaftan Dress,traditional,,Adults,L,Chiffon Blend,Mid-Range,Dress,"Smooth fabric, Embroidery",Female,"Dark Green, Gold",Wide sleeves,"party, wedding, festive, evening","hourglass, pear, apple, inverted triangle, rectangle","oval, round, square, heart, diamond, rectangular","ebony, dark, tan, olive, fair, light","warm, neutral, cool"
img_1841.jpg,APRL_001_KTA,Men's Embroidered Kurta,traditional,N/A,Adults,L,Cotton Blend,Mid-Range,Top wear,"Smooth fabric, Embroidery, Mirror work",Male,"Dark Green, Multicolor",Full sleeves,"festive, party, wedding, cultural event","rectangle, inverted triangle, apple","oval, round, square","ebony, dark, tan, olive, fair, light","warm, neutral, cool"
APRL_001_PJM,Men's Straight Pajama,traditional,N/A,Adults,L,Cotton Blend,Low-Range,Bottom wear,"Smooth fabric",Male,White,N/A,"festive, party, wedding, cultural event, casual","rectangle, inverted triangle, apple",N/A,"ebony, dark, tan, olive, fair, light","warm, neutral, cool"
img_1842.jpg,APRL_003,Abaya Dress,traditional,,Adults,L,Polyester Blend,Mid-Range,Dress,"Smooth fabric, Plaid pattern",Female,"Maroon, Multi-color",Bell sleeves,"casual, party, festive, everyday","hourglass, pear, rectangle, apple, inverted triangle","oval, round, rectangular","fair, light, tan, olive, dark","warm, neutral, cool"
img_1843.jpg,APRL_001,Women's Kurta Palazzo with Dupatta Set,traditional,,Adults,M,Rayon Blend, Net,Mid-Range,"Top wear, Bottom wear, Dupatta","Smooth fabric, Foil print, Sheer, Net texture",Female,"Olive Green, Silver",Sleeveless,"casual, party, festive, wedding guest","hourglass, pear, apple, inverted triangle, rectangle","oval, round, square, heart","tan, olive, fair, light, dark","warm, neutral, cool"
img_1844.jpg,APRL_001,Anarkali Gown,traditional,,Adults,L,Georgette,Mid-Range,Gown,"Smooth fabric, Embroidery, Sequins",Female,Dusty Pink,Full sleeves,"party, wedding, festive, formal","hourglass, pear, apple, inverted triangle, rectangle","oval, round, heart, diamond","tan, olive, fair, light","neutral, cool"
img_1845.jpg,APRL_001,Women's Embroidered Anarkali Sharara Suit,traditional,,Adults,L,"Georgette, Embroidery",Mid-Range,Ethnic set,"Embroidered, Flowy",Female,Mauve,Full sleeves,"Festive, Wedding, Party, Casual","hourglass, pear, apple, rectangle, inverted triangle","oval, round, square, heart","ebony, dark, tan, olive, fair, light","cool, neutral"
img_1846.jpg,APRL_001,Embellished Kaftan,red_kaftan_full,Provided Image,Adults,Free Size,Chiffon,Mid-Range,Dress,"Smooth, Sheer, Beaded, Embroidered",Female,Red,Full sleeves,"Party, Festive, Wedding, Special Occasion, Evening","hourglass, pear, apple, inverted triangle, rectangle","oval, square, heart, rectangular","ebony, dark, tan, olive, fair, light","warm, neutral"
img_1847.jpg,APRL_001,Red Bell Sleeve Maxi Dress,full_image,,Adults,Free Size,Chiffon Blend,Mid-Range,Full-body wear,"Smooth, Flowy, Pleated (sleeves), Lightweight",Female,Dark Red,Long bell sleeves with ruffles,"casual, party, festive, formal, modest wear, seasonal","hourglass, pear, apple, inverted triangle, rectangle","oval, round, square, heart, rectangular","fair, light, olive, tan, dark, ebony","neutral, cool, warm"
img_1848.jpg,APRL_001,Mens Kurta Pyjama Set,,,"Adults",L,Cotton Blend,Mid-Range,Top wear,"Smooth fabric, Embroidery",Male,Navy Blue,Full sleeves,"casual, party, festive, wedding, formal, seasonal","rectangle, inverted triangle, apple","oval, round, square, rectangular","dark, tan, olive, fair","neutral, warm"
img_1849.jpg,APRL_003,Women's Embroidered Kaftan Abaya,Full_image,N/A,Adults,Free size,Crepe,Mid-Range,Dress,"Smooth fabric, Floral Embroidery",Female,"Black, Multi-color",Full sleeves,"casual, party, festive, religious, formal","hourglass, pear, apple, inverted triangle, rectangle","oval, round, square, heart, diamond, rectangular","ebony, dark, tan, olive, fair, light","warm, neutral, cool"
img_1850.jpg,APRL_001,Embroidered Anarkali Gown,traditional,N/A,Adults,M,Faux Georgette,High-Range,Gown,"Smooth fabric, Heavy embroidery, Mirror work, Sequin work",Female,"Teal, Light Green, Gold",Full sleeves,"Wedding, Party, Festival, Engagement, Formal","hourglass, pear, apple, inverted triangle, rectangle","oval, round, square, heart, rectangular","ebony, dark, tan, olive, fair, light","neutral, cool, warm"
img_1851.jpg,APRL_003,Women's Kurta Set with Dupatta,traditional,N/A,Adults,Regular,Cotton Silk Blend,Mid-Range,"Smooth fabric, Brocade weave on dupatta, Embroidery",Female,Lime Green,3/4th sleeves,"casual, festive, party, wedding, seasonal","hourglass, pear, apple, inverted triangle, rectangle","oval, round, square, heart, diamond, rectangular","ebony, dark, tan, olive, fair, light","warm, neutral, cool"
img_1852.jpg,APRL_001,Women's Ethnic Salwar Suit,ethnic,,Adults,L,Silk Blend,Mid-Range,Ethnic Suit,"Bandhani print, Embellished, Smooth fabric",Female,"Teal, Blue, Green, Gold",Full sleeves,"festive, party, wedding, formal","rectangle, pear, hourglass","oval, round, rectangular","tan, olive, fair, light","neutral, cool"
img_1853.jpg,APRL_001,Embroidered Kaftan Dress,original, crops,,Adults,Free Size,Chiffon,Mid-Range,Dress,"Flowy, Sheer fabric, Beaded, Embroidered",Female,Coral,Batwing sleeves,"casual, party, resort wear, evening, festive","hourglass, pear, apple, inverted triangle, rectangle","oval, round, square, heart, diamond, rectangular","ebony, dark, tan, olive, fair, light","warm, neutral"
img_1854.jpg,APRL_001,Embroidered Kaftan Dress,traditional_kaftan,Adults,Free Size,Georgette Blend,Mid-Range,Full-length dress,"Smooth fabric, Embroidery",Female,"White, Gold",Full sleeves,"Festive, Party, Wedding, Formal","hourglass, pear, apple, inverted triangle, rectangle","oval, round, square, heart, diamond, rectangular","ebony, dark, tan, olive, fair, light","warm, neutral, cool"
img_1855.jpg,APRL_003,Men's Kurta Set,traditional,Adult,L,Cotton Blend,Mid-Range,"Top wear, Bottom wear","Smooth fabric, Printed pattern, Embroidery accents",Male,Black,Full sleeves,"casual, party, wedding, festive, formal, seasonal","rectangle, inverted triangle, apple, pear","oval, round, square, rectangular","dark, tan, olive",neutral
img_1856.jpg,APRL_003,Women's Embroidered Abaya,traditional,,Adults,L,Satin Blend,Mid-Range,Dress,"Smooth fabric, Embroidery",Female,"Black, Mauve","Full sleeves, Bell sleeves","casual, party, formal, religious, festive, wedding","hourglass, pear, apple, inverted triangle, rectangle","oval, round, square, heart, diamond, rectangular","ebony, dark, tan, olive, fair, light","warm, neutral, cool"
img_1857.jpg,APRL_001,Anarkali Suit,traditional,N/A,Adults,M,Georgette Blend,Mid-Range,Full Set,"Smooth fabric, heavy embroidery, sequins",Female,Brown,Full sleeves,"Wedding, Party, Festive, Formal","hourglass, pear, rectangle, inverted triangle","oval, round, square","dark, tan, olive, light","warm, neutral"
img_1858.jpg,APRL_001,Women's Printed Kurta Set with Dupatta,traditional,https://oaidalleapiprod.blob.core.windows.net/private/org-qV174i4tD03yD50T0qXy9q8P/user-v51m7u1N7Q07Vvj82rNn3g5h/img-Lh14xY3HcyW1h71113n7N85t.png?st=2024-06-03T07%3A46%3A32Z&se=2024-06-03T09%3A46%3A32Z&sp=r&sv=2021-08-06&sr=b&rscd=inline&rsct=image/png&skoid=6eohzJvBqC_K4eZq_yAA2g&sktid=2a575a01-4475-4bb3-a3d4-064e819b1655&skt=2024-06-03T07%3A02%3A32Z&ske=2024-06-10T07%3A02%3A32Z&sks=b&skv=2021-08-06&sig=c873fR463G1Y5wJ66yP%2B99xT%2B61B7Vn3X2bE3jY%2F8%2Bc%3D,Adults,M,Cotton Blend,Mid-Range,"Top wear, Bottom wear","Smooth fabric, Printed, Tasseled",Female,"Pink, Multi-color",3/4 sleeves,"casual, festive, semi-formal","rectangle, apple, pear, hourglass","oval, round, square, heart","fair, light, tan","neutral, cool"
img_1859.jpg,APRL_001,Sharara Suit,traditional,,Adults,M,Georgette,Mid-Range,"Top wear, Bottom wear","Smooth fabric, Intricate embroidery",Female,Mauve,Full sleeves,"casual, party, wedding, festive, formal","hourglass, pear, apple, inverted triangle, rectangle","oval, round, square, heart","ebony, dark, tan, olive, fair, light","warm, neutral, cool"
img_1860.jpg,APRL_003,Kaftan,ethnic, traditional,,Adults,L,Georgette,Mid-Range,Top wear,"Smooth fabric, Embroidery",Female,Pink,Kimono sleeves,"casual, party, festive, wedding, resort wear","hourglass, pear, apple, inverted triangle, rectangle","oval, round, square","fair, light, tan, olive",warm, neutral
img_1861.jpg,APRL_001,Women's Embroidered Kaftan Gown,traditional,traditional,Adults,Regular,Georgette,Mid-Range,Dress,"Smooth fabric, Flowy, Gold Embroidery",Female,White,"Full sleeves, Kaftan sleeves","casual, party, festive, special occasion","hourglass, pear, apple, inverted triangle, rectangle","oval, round, square, heart, diamond, rectangular","ebony, dark, tan, olive, fair, light","warm, neutral, cool"
img_1862.jpg,APRL_001,Men's Kurta with decorative patch,traditional_wear_image,Not available,Adults,L,Cotton Blend,Mid-Range,Top wear,"Smooth fabric, Mirror work, Embroidery, Tassels",Male,Mustard Yellow,Full sleeves,"Casual, Festive, Traditional, Semi-formal","rectangle, inverted triangle, apple","oval, round, square","dark, tan, olive, fair, light","warm, neutral"
img_1863.jpg,APRL_001,Women's Abaya Dress,"original image, close-up upper body, close-up lower body",N/A,Adults,Free Size,Polyester Blend,Mid-Range,Full-length dress,"Smooth, flowing",Female,Teal,Full sleeves,"Casual, Everyday, Formal, Religious events","hourglass, pear, apple, inverted triangle, rectangle","oval, round, square, heart, diamond, rectangular","ebony, dark, tan, olive, fair, light","cool, neutral, warm"
img_1864.jpg,APRL_001,Embroidered Anarkali Gown,Product Photo,N/A,Adults,N/A,"Georgette Blend, Embroidery, Sequins",High-Range,Gown,"Embroidered, Sequined, Flowing, Smooth",Female,"Maroon, Silver",Full sleeves,"Wedding, Festive, Party, Formal","hourglass, pear, apple, inverted triangle, rectangle","oval, round, square, heart, diamond, rectangular","ebony, dark, tan, olive, fair, light","warm, neutral, cool"
img_1865.jpg,APRL_003,Women's Ethnic Kurta Set,Ethnic, Traditional,,Adults,M,Silk Blend,Mid-Range,"Top wear, Bottom wear, Dupatta","Smooth fabric, Brocade pattern",Female,Mauve Purple,Three-quarter sleeves,"casual, festive, party, wedding","hourglass, pear, apple, rectangle","oval, round, square, heart","dark, tan, olive, fair, light","warm, neutral, cool"
img_1866.jpg,APRL_003,Gharara Suit,traditional,,Adults,L,Silk Blend,High-Range,"Top wear, Bottom wear","Smooth fabric, Heavy Zari Embroidery, Sequin Work, Floral Print",Female,Maroon,Full sleeves,"wedding, party, festive, formal","pear, apple, rectangle, inverted triangle","oval, round, rectangular","dark, tan, olive, fair, light","warm, neutral, cool"
img_1867.jpg,APRL_001,Women's Kaftan Dress,traditional,N/A,Adults,Free Size,Georgette,Mid-Range,Full length dress,"Smooth, Flowy fabric, Heavy beadwork, Embroidery",Female,Peach Orange,"Kaftan sleeves, Elbow length","casual, party, wedding, festive","apple, pear, rectangle, inverted triangle, hourglass","oval, round, square, heart","tan, olive, fair, light","warm, neutral"
img_1868.jpg,APRL_001,Red Embroidered Kaftan Gown,traditional,provided image,Adults,L,Georgette,Mid-Range,Full body wear,"Smooth fabric, Embroidered",Female,"Red, Gold",Batwing sleeves,"party, wedding, festive, formal","hourglass, pear, apple, inverted triangle, rectangle","oval, round, square, heart","ebony, dark, tan, olive, fair, light","warm, neutral, cool"
img_1869.jpg,APRL_001,Men's Kurta Set,traditional,,Adult,L,Cotton Blend,Mid-Range,"Top wear, Bottom wear","Smooth fabric, Embroidery, Tassels",Male,"Lavender, White",Full sleeves,"casual, party, wedding, festival, formal, seasonal","rectangle, inverted triangle, apple","oval, round, square","dark, tan, olive, fair, light","neutral, cool, warm"
img_1870.jpg,APRL_001,Abaya with Hijab,"Modest wear, traditional",,Adults,L,Crepe,Mid-Range,Full-length dress,"Smooth fabric, slight sheen, gathered waist, embellished hijab",Female,"Light Beige, Black (hijab)",Full sleeves,"Daily wear, formal, religious, festive occasions","rectangle, pear, apple, hourglass","oval, round, square","ebony, dark, tan, olive, fair, light","warm, neutral, cool"
img_1871.jpg,APRL_001,Embroidered Anarkali Gown,traditional,,Adults,M,Faux Georgette,"High-Range",Gown,"Smooth fabric, Heavy Embroidery, Sequin work",Female,Teal,Full sleeves,"Formal, Party, Wedding, Festive","hourglass, pear, apple, inverted triangle, rectangle","oval, round, square, heart, diamond, rectangular","ebony, dark, tan, olive, fair, light","warm, neutral, cool"
img_1872.jpg,APRL_001,Women's Kurta Set,traditional,,Adults,M,Cotton Blend,Mid-Range,"Kurta Set (Top wear, Bottom wear, Dupatta)","Smooth fabric, Embroidery, Mirror work",Female,Lime Green,3/4 sleeves,"casual, festive, party, wedding","rectangle, pear, apple, hourglass, inverted triangle","oval, round, square, heart","tan, olive, fair, light, dark, ebony","warm, neutral, cool"
img_1873.jpg,APRL_001,Women's Sharara Suit,traditional,,Adults,L,Georgette,Mid-Range,"Top wear, Bottom wear","Smooth, Embroidered, Flowy",Female,Peach,Sleeveless,"Festive, Party, Wedding, Ceremonial","hourglass, pear, apple, inverted triangle, rectangle","oval, round, square","fair, light, tan, olive, dark","warm, neutral"
img_1874.jpg,APRL_001,"Women's Kaftan Dress","traditional, embellished",N/A,Adults,"Free Size",Georgette,Mid-Range,"Full dress","Smooth fabric, Embellished neckline, Flowy",Female,Red,"Batwing sleeves, Full sleeves","casual, party, festive, wedding, special occasion","hourglass, pear, apple, inverted triangle, rectangle","oval, round, square, heart, rectangular","ebony, dark, tan, olive, fair, light","warm, neutral, cool"
img_1875.jpg,APRL_001,Embellished Kaftan,traditional,,Adults,L,Georgette,Mid-Range,Full dress,"Smooth fabric, Embroidery, Beaded",Female,Black,"Batwing sleeves, Long sleeves","casual, party, festive, formal, wedding","hourglass, pear, apple, inverted triangle, rectangle","oval, round, square","ebony, dark, tan, olive, fair, light","warm, neutral, cool"
img_1876.jpg,APRL_001,Men's Kurta,traditional,refer to provided image,Adults,L,Cotton Blend,Mid-Range,Top wear,"Smooth fabric, Embroidery, Mirror work, Tassels",Male,Maroon,Full sleeves,"casual, party, festive, semi-formal","rectangle, inverted triangle, apple","oval, round, square","dark, tan, olive, fair, light","warm, neutral"
img_1877.jpg,APRL_003,Women's Kaftan Abaya,traditional,,Adults,Free Size,"Crepe, Polyester Blend",Mid-Range,Dress,"Smooth fabric, Lace Appliqu√©, Beadwork",Female,"Maroon, Black",Long sleeves,"casual, party, formal, festive, religious","hourglass, pear, apple, inverted triangle, rectangle","oval, round, square, heart, diamond, rectangular","ebony, dark, tan, olive, fair, light","warm, neutral, cool"
img_1878.jpg,APRL_001,Women's Anarkali Gown,Ethnic wear,,Adults,L,"Georgette, Embroidery",Mid-Range,Full Gown,"Smooth fabric, Intricate embroidery, Sequins",Female,"Plum, Purple",Full sleeves,"party, wedding, festive, formal","hourglass, pear, rectangle, inverted triangle","oval, round, rectangular","ebony, dark, tan, olive, fair, light","warm, neutral, cool"
img_1879.jpg,APRL_001,Women's Floral Kurta Set,original image,,Adult,M,Blended Fabric,Mid-Range,"Top wear, Bottom wear","Printed, Floral, Sheer, Smooth, Embroidered",Female,"Yellow, Pink",3/4 sleeves,"casual, festive, party, wedding, formal","rectangle, pear, apple, hourglass, inverted triangle","oval, round, heart, square","fair, light, tan, olive, dark","warm, neutral"
img_1880.jpg,APRL_001,Women's Sharara Suit,traditional attire,provided_image_link,Adults,M,Silk Blend,High-Range,"Kurta (top wear), Sharara (bottom wear), Dupatta","Smooth fabric, Heavy embroidery, Sequin work",Female,"Purple, Gold, Multi-color (floral print)",Full sleeves,"Wedding, Party, Festive, Formal","hourglass, pear, apple, inverted triangle, rectangle","oval, round, square, rectangular","ebony, dark, tan, olive, fair, light","warm, neutral, cool"
img_1881.jpg,APRL_001,Embroidered Kaftan,traditional,"provided image, cropped images",Adults,L,Chiffon,Mid-Range,Full-length dress,"Smooth fabric, Embroidery",Female,"Black, Gold",Full sleeves,"party, wedding, formal, festive, special occasions","hourglass, pear, apple, inverted triangle, rectangle","oval, round, heart","ebony, dark, tan, olive, fair, light","warm, neutral"
img_1882.jpg,APRL_001,Women's Embroidered Kaftan Gown,"main image, back view",,Adults,L,Georgette,Mid-Range,Dress,"Smooth fabric, Intricate Embroidery",Female,"Black, Gold",Full Kaftan sleeves,"party, wedding, formal, festive, traditional","hourglass, pear, apple, inverted triangle, rectangle","oval, round, square, heart","ebony, dark, tan, olive, fair, light","warm, neutral, cool"
img_1883.jpg,APRL_001,Men's Dark Green Kurta Set,ethnic_kurta_set,https://assets-prod.sumy.cloud/assets/catalog/products/6561f953258ee69ecf202271/main_image.jpg,Adults,L,Cotton Blend,Mid-Range,"Top wear, Bottom wear","Smooth fabric, Embroidery, Tassels, Mirror work",Male,"Dark Green, White",Full sleeves,"casual, party, wedding, festive, formal","rectangle, inverted triangle, apple","oval, round, square","dark, tan, olive, fair, light","warm, neutral, cool"
img_1884.jpg,APRL_001,Women's Kaftan Abaya,Modest Islamic wear,N/A,Adults,Free Size,Crepe,Mid-Range,Full wear,"Smooth fabric, Beaded embroidery",Female,"Black, Blue (embroidery)",Batwing sleeves,"Casual, Formal, Religious, Party","hourglass, pear, apple, inverted triangle, rectangle","oval, round, rectangular","ebony, dark, tan, olive, fair, light","warm, neutral, cool"
img_1885.jpg,APRL_001,Embroidered Anarkali Gown,traditional,,Adults,L,"Georgette Blend, Zari and Sequin Embroidery",High-Range,Gown (Full length),"Smooth fabric, Intricate embroidery, Sequin embellishments",Female,"Magenta, Silver",Full sleeves,"Wedding, Party, Festival, Formal","hourglass, pear, rectangle, inverted triangle, apple","oval, round, square, heart","ebony, dark, tan, olive, fair, light","cool, neutral, warm"
img_1886.jpg,APRL_003,Embroidered Kurta Suit,Ethnic wear,provided_image,Adults,M,Cotton Blend,Mid-Range,"Top wear, Bottom wear","Smooth fabric, Intricate embroidery",Female,"Cream, Multicolor",Full sleeves,"festive, party, wedding, casual","rectangle, pear, apple, inverted triangle, hourglass","oval, round, square, heart","fair, light, tan, olive, dark, ebony","warm, neutral, cool"
img_1887.jpg,APRL_001,Women's Sharara Suit,traditional,,Adults,L,Silk Blend,High-Range,"Top wear, Bottom wear","Smooth fabric, Heavy embroidery, Floral print",Female,"Mustard Yellow, Multi-color floral print",Full sleeves,"wedding, party, festive, formal","pear, apple, rectangle, inverted triangle, hourglass","oval, round, square, heart, diamond, rectangular","tan, olive, fair, light, dark","warm, neutral"
img_1888.jpg,APRL_001,Women's Embroidered Kaftan Dress,"Kaftan, Full-length dress, Embroidered",N/A,Adults,Free size,Chiffon Blend,Mid-Range,Full dress,"Smooth fabric, Flowy, Embroidery",Female,"Off-white, Red, Black, Gold","Long, Kaftan sleeves","Casual, Party, Festive, Wedding","hourglass, pear, apple, inverted triangle, rectangle","oval, round, square, heart, diamond, rectangular","ebony, dark, tan, olive, fair, light","warm, neutral, cool"
img_1890.jpg,APRL_001,Women's Abaya Dress,modest,N/A,Adults,N/A,Crepe Blend,Mid-Range,Full-body wear,"Smooth fabric, Flowy drape",Female,"Black, Magenta",Full sleeves,"casual, formal, daily wear, religious events","hourglass, pear, apple, inverted triangle, rectangle","oval, round, square, heart, diamond, rectangular","ebony, dark, tan, olive, fair, light","warm, neutral, cool"
img_1891.jpg,APRL_001,Embroidered Anarkali Gown,traditional,,Adults,M,Georgette Blend,High-Range,Full outfit,"Heavily embroidered, shimmering, smooth fabric",Female,Teal Green,Full sleeves,"wedding, party, festival, formal","hourglass, pear, apple, inverted triangle, rectangle","oval, round, square, heart, diamond, rectangular","ebony, dark, tan, olive, fair, light","warm, neutral, cool"
img_1892.jpg,APRL_001,Embroidered Chiffon/Net Kurta Set,ethnic wear,,Adults,L,Chiffon/Net,Mid-Range,Top wear,"Sheer, Embroidered, Floral pattern, Lace",Female,"Black, Multi-color floral embroidery",Full sleeves,"Party, Formal, Wedding, Festive, Seasonal","hourglass, pear, apple, inverted triangle, rectangle","oval, round, square, heart, diamond, rectangular","ebony, dark, tan, olive, fair, light","warm, neutral, cool"
img_1893.jpg,APRL_001,Embroidered Sharara Suit,traditional,,Adults,L,Georgette Blend,High-Range,"Top wear, Bottom wear","Smooth fabric, Intricate Gold Embroidery, Floral Print",Female,"Black, Gold, Multicolor",Full sleeves,"Wedding, Party, Festival, Formal events","hourglass, pear, apple, inverted triangle, rectangle","oval, round, square, heart, diamond, rectangular","ebony, dark, tan, olive, fair, light","warm, neutral, cool"
img_1894.jpg,APRL_001,Men's Navy Blue Kurta Set with Embellished Shoulder,main_image.jpg,https://i.imgur.com/W2d0fJ3.jpeg,Adults,L,Cotton Blend,Mid-Range,"Top wear, Bottom wear","Smooth fabric, Embroidered shoulder band with mirrors and tassels",Male,"Navy Blue (Kurta), White (Pajama), Multi-color (Embellishment)",Full sleeves,"festive, traditional, semi-formal, casual","rectangle, inverted triangle, apple","oval, square, rectangular","dark, tan, olive, fair, light",neutral
img_1895.jpg,APRL_001,Kaftan Dress,traditional,,Adults,L,Chiffon,Mid-Range,Dress,"Smooth fabric, Embroidery, Embellishment",Female,Orange,Full sleeves,"casual, party, wedding, formal, seasonal","rectangle, apple, pear, hourglass, inverted triangle","oval, round, square, heart","tan, olive, dark, light, fair","warm, neutral"
img_1896.jpg,APRL_001,Women's Abaya Gown,abaya_maroon_full_front,,Adults,N/A,Polyester Blend,Mid-Range,Gown,"Smooth fabric, Slight sheen",Female,Maroon,Full sleeves,"casual, religious events, festive, formal, party","rectangle, inverted triangle, apple, pear, hourglass","oval, round, rectangular","ebony, dark, tan, olive, fair, light","warm, neutral, cool"
img_1897.jpg,APRL_003,Embellished Anarkali Gown with Dupatta,traditional,N/A,Adults,M,Georgette,Mid-Range,Gown/Full-length dress,"Smooth fabric, Sequins, Embroidery, Embellished",Female,Teal Green,Full sleeves,"wedding, party, festive, formal","hourglass, pear, apple, inverted triangle, rectangle","oval, round, square, heart, diamond, rectangular","ebony, dark, tan, olive, fair, light","warm, neutral, cool"
img_1898.jpg,APRL_001,Women's Embroidered Suit Set,"Ethnic Wear, Traditional",N/A,Adults,N/A,Cotton Blend,Mid-Range,"Suit Set (Top, Bottom, Dupatta)","Smooth fabric, Intricate embroidery, Lace trim",Female,"Light Blue, Dark Blue (embroidery)",Full sleeves,"Casual, Semi-formal, Festive, Day events, Summer events","rectangle, pear, apple, hourglass","oval, round, heart","fair, light, tan, olive","cool, neutral"
img_1899.jpg,APRL_001,"Frock Style Sharara Suit",traditional,,Adults,M,"Georgette, Art Silk",Mid-Range,"Top wear, Bottom wear","Printed, Embroidered, Flowy, Ruffled",Female,"Red, Maroon, Olive Green, Beige, Black",Sleeveless,"festive, party, wedding, traditional","hourglass, pear, apple, inverted triangle, rectangle","oval, round, square, heart, diamond, rectangular","ebony, dark, tan, olive, fair, light","warm, neutral, cool"
img_1900.jpg,APRL_001,Mens Kurta,traditional,,Adults,L,Cotton Blend,Mid-Range,Top wear,"Smooth fabric, Embroidery",Male,Maroon,Full sleeves,"casual, party, wedding, formal, seasonal","rectangle, inverted triangle, apple","oval, round, square","dark, olive, fair, light","warm, neutral"
img_1901.jpg,APRL_003,Embroidered Kaftan Dress,traditional,Adults,L,Chiffon,Mid-Range,Dress,"Sheer, Flowy, Embroidered",Female,"Red, Gold",Full sleeves,"party, wedding, festive, formal, evening","pear, apple, inverted triangle, rectangle","oval, round, square, heart, diamond, rectangular","ebony, dark, tan, olive, fair, light","warm, neutral"
img_1902.jpg,APRL_003,"Two-Tone Tunic Shirt and Wide-Leg Palazzo Pants Set","Contemporary Modest Outfit",,Adults,Free Size,"Chambray, Cotton Blend",Mid-Range,"Top wear, Bottom wear","Woven, Smooth",Female,"Blue, Dark Grey",Full sleeves,"Casual, Daily, Modest, Cultural","hourglass, pear, apple, inverted triangle, rectangle","oval, round, square, heart, diamond, rectangular","ebony, dark, tan, olive, fair, light","warm, neutral, cool"
img_1903.jpg,APRL_001,Embellished Anarkali Gown,traditional,,Adults,M,Georgette,Mid-Range,Gown,"Flowy fabric, Sequin embellishment, Sheer",Female,Magenta,"Full sleeves, Sheer","Party, Wedding, Festive, Special occasion","hourglass, pear, rectangle, apple","oval, round, square, heart","fair, light, tan, olive","cool, neutral"
img_1904.jpg,APRL_003,Floral Embroidered Long Tunic Dress,original image,N/A,Adults,M,Cotton Blend,Mid-Range,Dress,"Smooth fabric, Floral embroidery, Lace trim",Female,"Light Yellow, Pink, Green",Full sleeves,"Casual, Festive, Party, Semi-formal","hourglass, pear, apple, inverted triangle, rectangle","oval, round, heart","fair, light, tan, olive","warm, neutral, cool"
img_1905.jpg,APRL_001,Women's Embroidered Sharara Suit,traditional,,Adults,L,Georgette,Mid-Range,"Top wear, Bottom wear, Dupatta","Smooth fabric, Embroidered, Sequin work",Female,"Maroon, Gold","3/4th Bell Sleeves","wedding, party, festive, formal, seasonal","hourglass, pear, apple, inverted triangle, rectangle","oval, round, square, heart, diamond, rectangular","ebony, dark, tan, olive, fair, light","warm, neutral, cool"
img_1909.jpg,APRL_001,Floral Maxi Dress,Full_Image_1,https://storage.googleapis.com/aai-docs/assets/data-sheets/image-processing-data-generation/652f41b2f447726a27e77609/main.jpg,Adults,M,Georgette Blend,Mid-Range,Dress,"Smooth fabric, Floral print",Female,"Light Pink, Red, Green",Full sleeves,"casual, party, seasonal, brunch","hourglass, pear, apple, inverted triangle, rectangle","oval, round, square, heart","ebony, dark, tan, olive, fair, light","warm, neutral, cool"
img_1910.jpg,APRL_001,Embroidered Palazzo Suit with Dupatta,traditional,,Adults,L,Georgette Blend,Mid-Range,Suit Set,"Embroidered, Cutwork, Smooth fabric",Female,Light Blue,Full sleeves,"Casual, Party, Festive, Wedding, Formal","hourglass, pear, apple, inverted triangle, rectangle","oval, round, square, heart, diamond, rectangular","ebony, dark, tan, olive, fair, light","cool, neutral, warm"
img_1911.jpg,APRL_001,Embroidered Sharara Suit,traditional,traditional,Adults,M,Georgette,Mid-Range,"Top wear, Bottom wear","Smooth fabric, Floral embroidery, Sequin embellishment",Female,Yellow,Full sleeves,"festive, party, wedding, formal","hourglass, pear, apple, inverted triangle, rectangle","oval, round, square, heart, diamond, rectangular","ebony, dark, tan, olive, fair, light","warm, neutral"
img_1912.jpg,APRL_001,Embroidered Anarkali Gown Set,traditional,N/A,Adults,M,Georgette,Mid-Range,Full Set,"Smooth fabric, Intricate embroidery, Flowing",Female,Teal,Three-quarter sleeves,"Festive, Wedding, Party, Formal","hourglass, pear, apple, inverted triangle, rectangle","oval, round, square, heart","ebony, dark, tan, olive, fair, light","cool, neutral"
img_1913.jpg,APRL_001,Women's Embroidered Pant Suit,,,Adults,L,Georgette Blend,Mid-Range,"Top wear, Bottom wear","Smooth fabric, Intricate Embroidery, Cutwork details",Female,Lavender,Full sleeves,"casual, party, wedding, festive, formal","hourglass, pear, apple, inverted triangle, rectangle","oval, round, square, heart, diamond, rectangular","ebony, dark, tan, olive, fair, light","cool, neutral"
img_1914.jpg,APRL_003,Sharara Suit,traditional,,Adults,L,Georgette Blend,Mid-Range,"Top wear, Bottom wear","Embroidered, Smooth fabric",Female,Pink,Full sleeves,"party, wedding, festive, formal","hourglass, pear, apple, inverted triangle, rectangle","oval, round, square, heart, diamond, rectangular","ebony, dark, tan, olive, fair, light","warm, neutral"
img_1916.jpg,APRL_001,Red Kurta Set,traditional,,Adults,L,Synthetic Blend,Mid-Range,Kurta Set,"Smooth fabric, Sheer dupatta, Metallic print",Female,Red,Spaghetti straps,"casual, party, wedding, festive","hourglass, pear, apple, inverted triangle, rectangle","oval, round, square, heart, diamond, rectangular","ebony, dark, tan, olive, fair, light","warm, neutral, cool"
img_1917.jpg,APRL_003,Women's Ombre Sharara Suit,traditional,,Adults,M,Georgette Blend,Mid-Range,"Top wear, Bottom wear, Dupatta","Smooth fabric, Embroidered, Sheer, Geometric pattern",Female,"Peach, Teal, Ombre",Full sleeves,"wedding, party, festive, formal, seasonal","hourglass, pear, apple, inverted triangle, rectangle","oval, round, square, heart, diamond, rectangular","ebony, dark, tan, olive, fair, light","warm, neutral, cool"
img_1919.jpg,APRL_001,"Women's Bandhani Sharara Suit",traditional,Adults,L,"Faux Georgette, Georgette Blend",Mid-Range,"Top & Bottom Wear, Dupatta","Bandhani print, Embellished, Smooth fabric",Female,"Orange, Pink",Full sleeves,"wedding, party, festive, casual","hourglass, pear, apple, inverted triangle, rectangle","oval, round, square, heart, diamond, rectangular","ebony, dark, tan, olive, fair, light","warm, neutral, cool"
img_1920.jpg,APRL_001,Women's Tiered Sharara Suit,provided,N/A,Adults,M,Georgette Blend,Mid-Range,Complete outfit,"Smooth fabric, intricate gold embroidery, sequin embellishments, tiered flare, striped dupatta",Female,"Pink, Fuchsia, Gold",Bell sleeves,"Wedding, Festive, Party, Ceremony","hourglass, pear, apple, inverted triangle, rectangle","oval, round, square, heart, diamond, rectangular","fair, light, tan, olive, dark","neutral, cool, warm"
img_1921.jpg,APRL_001,Women's Sharara Suit,traditional,,Adults,M,"Georgette Blend, Net",Mid-Range,"Top wear, Bottom wear","Embroidered, Woven pattern, Flowy",Female,"Pink, Gold",Full sleeves,"wedding, party, festival, ceremonial","hourglass, pear, apple, inverted triangle, rectangle","oval, round, square, heart, diamond, rectangular","ebony, dark, tan, olive, fair, light","warm, neutral, cool"
img_1922.jpg,APRL_001,Ombre Embroidered Gharara Suit,original image,traditional,Adult,L,Georgette Blend,Mid-Range,"Ethnic Set (Top, Bottom, Dupatta)","Smooth fabric, Embroidery, Ombre/Gradient, Sheer dupatta",Female,"Peach, Teal Green, Gold",Full sleeves,"Festive, Party, Wedding, Formal","hourglass, pear, rectangle, inverted triangle","oval, round, square, heart, rectangular","fair, light, tan, olive, dark","warm, neutral"
img_1923.jpg,APRL_001,Embroidered Pink Sharara Suit,ethnic wear,"",Adults,L,Georgette Blend,Mid-Range,"Top wear, Bottom wear","Smooth fabric, Intricate gold embroidery, Ombre dyeing",Female,"Pink, Gold","Bell sleeves, Three-quarter sleeves","wedding, party, festival, formal","hourglass, pear, apple, rectangle","oval, round, rectangular, square","fair, light, tan, olive, dark","warm, neutral, cool"
img_1924.jpg,APRL_003,Women's Printed Kurta with Sharara & Dupatta Set,main_image.jpg,,Adults,M,Cotton Blend,Mid-Range,Set,"Smooth fabric, Folk print, Pleated",Female,Grey,3/4th sleeves,"casual, festive, ethnic, party","hourglass, pear, apple, inverted triangle, rectangle","oval, round, square, heart, diamond, rectangular","fair, light, tan, olive, dark","warm, neutral, cool"
